ID,Target_07_AUC,Target_90_AUC,Target_120_AUC,Target_07_LogLoss,Target_90_LogLoss,Target_120_LogLoss
ID_OQZATP,0,0,0,0,0,0
ID_2FAI5D,0,0,0,0,0,0
ID_MYUWBW,0,0,0,0,0,0
ID_EUB4FR,0,0,0,0,0,0
ID_AG7R5S,0,0,0,0,0,0
ID_RX9404,0,0,0,0,0,0
ID_GTJSCM,0,0,0,0,0,0
ID_VQVR0B,0,0,0,0,0,0
ID_F0DMEL,0,0,0,0,0,0
ID_MPKV6S,0,0,0,0,0,0
ID_0QTD8T,0,0,0,0,0,0
ID_EQ23XP,0,0,0,0,0,0
ID_A07Z1J,0,0,0,0,0,0
ID_1CZ70R,0,0,0,0,0,0
ID_LCVINC,0,0,0,0,0,0
ID_OCOIXR,0,0,0,0,0,0
ID_O80MG4,0,0,0,0,0,0
ID_JYQBXV,0,0,0,0,0,0
ID_H0RGNM,0,0,0,0,0,0
ID_XJFO8M,0,0,0,0,0,0
ID_SNHFKH,0,0,0,0,0,0
ID_DV8HKK,0,0,0,0,0,0
ID_T01I6W,0,0,0,0,0,0
ID_BRKSWO,0,0,0,0,0,0
ID_RIFSHG,0,0,0,0,0,0
ID_JJZHX4,0,0,0,0,0,0
ID_0HL0VZ,0,0,0,0,0,0
ID_66WTJJ,0,0,0,0,0,0
ID_E91V1S,0,0,0,0,0,0
ID_XG3GAF,0,0,0,0,0,0
ID_113JPM,0,0,0,0,0,0
ID_C6SVLO,0,0,0,0,0,0
ID_ARPIFI,0,0,0,0,0,0
ID_2FRFL1,0,0,0,0,0,0
ID_0AGZMC,0,0,0,0,0,0
ID_Z2QOGN,0,0,0,0,0,0
ID_OSG8GM,0,0,0,0,0,0
ID_39QOX4,0,0,0,0,0,0
ID_VIEIWS,0,0,0,0,0,0
ID_Y0UI9R,0,0,0,0,0,0
ID_6FGRFY,0,0,0,0,0,0
ID_TNP5US,0,0,0,0,0,0
ID_9DFF93,0,0,0,0,0,0
ID_C3Q49L,0,0,0,0,0,0
ID_GF4OWA,0,0,0,0,0,0
ID_9Q8VQ7,0,0,0,0,0,0
ID_7Q438J,0,0,0,0,0,0
ID_PK1MO2,0,0,0,0,0,0
ID_PILYKK,0,0,0,0,0,0
ID_2ID2GS,0,0,0,0,0,0
ID_5SB0D3,0,0,0,0,0,0
ID_YJL53D,0,0,0,0,0,0
ID_DRSSHS,0,0,0,0,0,0
ID_E9JBCD,0,0,0,0,0,0
ID_JTZZE4,0,0,0,0,0,0
ID_O17XF5,0,0,0,0,0,0
ID_T8F7OF,0,0,0,0,0,0
ID_LOPTN6,0,0,0,0,0,0
ID_AXX6Z2,0,0,0,0,0,0
ID_F7Q144,0,0,0,0,0,0
ID_2QVS92,0,0,0,0,0,0
ID_LVG9HV,0,0,0,0,0,0
ID_IJ59KX,0,0,0,0,0,0
ID_A6V9MH,0,0,0,0,0,0
ID_QOR7TR,0,0,0,0,0,0
ID_24QO6J,0,0,0,0,0,0
ID_BMBJLO,0,0,0,0,0,0
ID_F3X0RO,0,0,0,0,0,0
ID_EDUW90,0,0,0,0,0,0
ID_BDGK61,0,0,0,0,0,0
ID_32G5PS,0,0,0,0,0,0
ID_5NTDEO,0,0,0,0,0,0
ID_TRBT9N,0,0,0,0,0,0
ID_KJ9I4F,0,0,0,0,0,0
ID_244C3M,0,0,0,0,0,0
ID_1YE9IE,0,0,0,0,0,0
ID_4N26QU,0,0,0,0,0,0
ID_XE8AFB,0,0,0,0,0,0
ID_PIC1F3,0,0,0,0,0,0
ID_ES3OU4,0,0,0,0,0,0
ID_3C50J2,0,0,0,0,0,0
ID_KNVSMT,0,0,0,0,0,0
ID_YOP0RH,0,0,0,0,0,0
ID_5ETZMP,0,0,0,0,0,0
ID_7W1M29,0,0,0,0,0,0
ID_AODELD,0,0,0,0,0,0
ID_YQSO1A,0,0,0,0,0,0
ID_8BQXG9,0,0,0,0,0,0
ID_2IPWH0,0,0,0,0,0,0
ID_6JBW2L,0,0,0,0,0,0
ID_8XBH4U,0,0,0,0,0,0
ID_PH9G36,0,0,0,0,0,0
ID_O98OVF,0,0,0,0,0,0
ID_O4ZH53,0,0,0,0,0,0
ID_C1E0NJ,0,0,0,0,0,0
ID_ESL02P,0,0,0,0,0,0
ID_81VM1B,0,0,0,0,0,0
ID_FC2YM3,0,0,0,0,0,0
ID_MMON01,0,0,0,0,0,0
ID_9Y43YT,0,0,0,0,0,0
ID_FFOI15,0,0,0,0,0,0
ID_41RB0Z,0,0,0,0,0,0
ID_VNTDEU,0,0,0,0,0,0
ID_9WYWTK,0,0,0,0,0,0
ID_50WCNL,0,0,0,0,0,0
ID_A3Y5MU,0,0,0,0,0,0
ID_9IX5BB,0,0,0,0,0,0
ID_6P4T96,0,0,0,0,0,0
ID_LXKJWI,0,0,0,0,0,0
ID_UW7H8L,0,0,0,0,0,0
ID_Y9HC7E,0,0,0,0,0,0
ID_VYK8MX,0,0,0,0,0,0
ID_L3KEUB,0,0,0,0,0,0
ID_5JN269,0,0,0,0,0,0
ID_T8WOB6,0,0,0,0,0,0
ID_I9040J,0,0,0,0,0,0
ID_9488U4,0,0,0,0,0,0
ID_VYOUJS,0,0,0,0,0,0
ID_I5Q4PP,0,0,0,0,0,0
ID_RFMVP1,0,0,0,0,0,0
ID_MAZYU5,0,0,0,0,0,0
ID_6DNPKM,0,0,0,0,0,0
ID_1POEUY,0,0,0,0,0,0
ID_XPTF43,0,0,0,0,0,0
ID_VHAVHK,0,0,0,0,0,0
ID_95PZ3O,0,0,0,0,0,0
ID_QXR2H2,0,0,0,0,0,0
ID_1KOTHI,0,0,0,0,0,0
ID_NAHN7Y,0,0,0,0,0,0
ID_YJA0TQ,0,0,0,0,0,0
ID_G3ILE9,0,0,0,0,0,0
ID_24QWBN,0,0,0,0,0,0
ID_3X8UUY,0,0,0,0,0,0
ID_OQS4UZ,0,0,0,0,0,0
ID_LG3YSQ,0,0,0,0,0,0
ID_T70IQD,0,0,0,0,0,0
ID_0KPLCT,0,0,0,0,0,0
ID_O3YAZ2,0,0,0,0,0,0
ID_PRV9UH,0,0,0,0,0,0
ID_XDN5PB,0,0,0,0,0,0
ID_JM0BDH,0,0,0,0,0,0
ID_PL61GB,0,0,0,0,0,0
ID_MN2MRM,0,0,0,0,0,0
ID_AI5SSM,0,0,0,0,0,0
ID_66P31M,0,0,0,0,0,0
ID_2FRWAE,0,0,0,0,0,0
ID_IWNI80,0,0,0,0,0,0
ID_ZEVMMY,0,0,0,0,0,0
ID_MVVUUT,0,0,0,0,0,0
ID_549YS4,0,0,0,0,0,0
ID_UAC84X,0,0,0,0,0,0
ID_3J9IW4,0,0,0,0,0,0
ID_DQSA25,0,0,0,0,0,0
ID_FAHJ31,0,0,0,0,0,0
ID_INI6BF,0,0,0,0,0,0
ID_79ZAGP,0,0,0,0,0,0
ID_A66Y8W,0,0,0,0,0,0
ID_JC7BJB,0,0,0,0,0,0
ID_A2QUMV,0,0,0,0,0,0
ID_O12IAN,0,0,0,0,0,0
ID_UHJ511,0,0,0,0,0,0
ID_N0275W,0,0,0,0,0,0
ID_S4LM69,0,0,0,0,0,0
ID_9RUXFC,0,0,0,0,0,0
ID_9OW45W,0,0,0,0,0,0
ID_K9DA8B,0,0,0,0,0,0
ID_HSWUYA,0,0,0,0,0,0
ID_7HA00C,0,0,0,0,0,0
ID_BXSYRV,0,0,0,0,0,0
ID_4DVYXS,0,0,0,0,0,0
ID_G5R1VQ,0,0,0,0,0,0
ID_QF4DDJ,0,0,0,0,0,0
ID_29LP7U,0,0,0,0,0,0
ID_8ZA4KK,0,0,0,0,0,0
ID_935SYF,0,0,0,0,0,0
ID_O89PTQ,0,0,0,0,0,0
ID_JA5WCA,0,0,0,0,0,0
ID_WYTK03,0,0,0,0,0,0
ID_IKRZY1,0,0,0,0,0,0
ID_LL1JXX,0,0,0,0,0,0
ID_M6AO2V,0,0,0,0,0,0
ID_LG5UO0,0,0,0,0,0,0
ID_QFZS8H,0,0,0,0,0,0
ID_LM2JY4,0,0,0,0,0,0
ID_88MMIY,0,0,0,0,0,0
ID_PMF5Q4,0,0,0,0,0,0
ID_QWY4NC,0,0,0,0,0,0
ID_DTH3DJ,0,0,0,0,0,0
ID_H94778,0,0,0,0,0,0
ID_5GWF50,0,0,0,0,0,0
ID_52Y9FW,0,0,0,0,0,0
ID_ABK42Y,0,0,0,0,0,0
ID_QAP5BH,0,0,0,0,0,0
ID_VIOLB1,0,0,0,0,0,0
ID_4VICY7,0,0,0,0,0,0
ID_7GMWB7,0,0,0,0,0,0
ID_BNQY90,0,0,0,0,0,0
ID_4ODSXP,0,0,0,0,0,0
ID_IVIROD,0,0,0,0,0,0
ID_0GB49S,0,0,0,0,0,0
ID_LYYH98,0,0,0,0,0,0
ID_TDGJ6O,0,0,0,0,0,0
ID_NVRCO0,0,0,0,0,0,0
ID_1L8DPU,0,0,0,0,0,0
ID_QAL44W,0,0,0,0,0,0
ID_AQKGW8,0,0,0,0,0,0
ID_2GBUTZ,0,0,0,0,0,0
ID_81EWH0,0,0,0,0,0,0
ID_N2W1RY,0,0,0,0,0,0
ID_H8QWIJ,0,0,0,0,0,0
ID_IN5S9Z,0,0,0,0,0,0
ID_E5D8NN,0,0,0,0,0,0
ID_A7KZ7P,0,0,0,0,0,0
ID_UET63A,0,0,0,0,0,0
ID_1RJBGJ,0,0,0,0,0,0
ID_UX3E34,0,0,0,0,0,0
ID_HT30DM,0,0,0,0,0,0
ID_K7V7FD,0,0,0,0,0,0
ID_1D9626,0,0,0,0,0,0
ID_AMZJJ0,0,0,0,0,0,0
ID_K795D3,0,0,0,0,0,0
ID_TIGY99,0,0,0,0,0,0
ID_2AIH84,0,0,0,0,0,0
ID_V57AW9,0,0,0,0,0,0
ID_50LG9X,0,0,0,0,0,0
ID_FQGN3Z,0,0,0,0,0,0
ID_KQYBFD,0,0,0,0,0,0
ID_8N0CWG,0,0,0,0,0,0
ID_R9HYY5,0,0,0,0,0,0
ID_9FH0TT,0,0,0,0,0,0
ID_2NB6D4,0,0,0,0,0,0
ID_M2UIUP,0,0,0,0,0,0
ID_Z1NAQB,0,0,0,0,0,0
ID_7TOUL7,0,0,0,0,0,0
ID_PYJOY8,0,0,0,0,0,0
ID_6C6135,0,0,0,0,0,0
ID_WE6GG5,0,0,0,0,0,0
ID_226W0O,0,0,0,0,0,0
ID_B3GL6O,0,0,0,0,0,0
ID_90CFFP,0,0,0,0,0,0
ID_T92P5U,0,0,0,0,0,0
ID_VMYMSJ,0,0,0,0,0,0
ID_LJAFRG,0,0,0,0,0,0
ID_0UD92B,0,0,0,0,0,0
ID_875DPA,0,0,0,0,0,0
ID_9BMYKU,0,0,0,0,0,0
ID_0UL1P9,0,0,0,0,0,0
ID_2TZWAN,0,0,0,0,0,0
ID_NFP0X5,0,0,0,0,0,0
ID_K5IDAS,0,0,0,0,0,0
ID_7Q12ER,0,0,0,0,0,0
ID_UI6URJ,0,0,0,0,0,0
ID_ZSC7VV,0,0,0,0,0,0
ID_MSQNC3,0,0,0,0,0,0
ID_7W2702,0,0,0,0,0,0
ID_M8ACY5,0,0,0,0,0,0
ID_4AOS9Q,0,0,0,0,0,0
ID_ZZ3MIC,0,0,0,0,0,0
ID_V0UGX4,0,0,0,0,0,0
ID_8RYGGN,0,0,0,0,0,0
ID_7TW5U0,0,0,0,0,0,0
ID_KGUYHH,0,0,0,0,0,0
ID_2GF38A,0,0,0,0,0,0
ID_VJKLLA,0,0,0,0,0,0
ID_AIYBRO,0,0,0,0,0,0
ID_EJ6BEI,0,0,0,0,0,0
ID_8CFMB5,0,0,0,0,0,0
ID_4O2PKL,0,0,0,0,0,0
ID_ZRCAN2,0,0,0,0,0,0
ID_8MY5LH,0,0,0,0,0,0
ID_0DYYRE,0,0,0,0,0,0
ID_M27XFX,0,0,0,0,0,0
ID_QRLAO8,0,0,0,0,0,0
ID_CA7EQ0,0,0,0,0,0,0
ID_QJT1KI,0,0,0,0,0,0
ID_6W86PD,0,0,0,0,0,0
ID_U75EM3,0,0,0,0,0,0
ID_MGI7YN,0,0,0,0,0,0
ID_Q2HJ07,0,0,0,0,0,0
ID_IQZECG,0,0,0,0,0,0
ID_QR6PZ8,0,0,0,0,0,0
ID_SVHREA,0,0,0,0,0,0
ID_KHPW7X,0,0,0,0,0,0
ID_11S0MG,0,0,0,0,0,0
ID_1C7UUS,0,0,0,0,0,0
ID_YRCH0R,0,0,0,0,0,0
ID_TWWPA3,0,0,0,0,0,0
ID_B1IVNZ,0,0,0,0,0,0
ID_WZ8VSI,0,0,0,0,0,0
ID_OWBPU8,0,0,0,0,0,0
ID_N3VRWM,0,0,0,0,0,0
ID_HI8KHC,0,0,0,0,0,0
ID_TSAPTV,0,0,0,0,0,0
ID_J2SZFO,0,0,0,0,0,0
ID_52QBWK,0,0,0,0,0,0
ID_C8J9OV,0,0,0,0,0,0
ID_HWT969,0,0,0,0,0,0
ID_OHPFRH,0,0,0,0,0,0
ID_8CHL9Q,0,0,0,0,0,0
ID_MM8LL0,0,0,0,0,0,0
ID_QN0ARV,0,0,0,0,0,0
ID_9ST4LL,0,0,0,0,0,0
ID_BTHWXC,0,0,0,0,0,0
ID_828ZDQ,0,0,0,0,0,0
ID_KX362X,0,0,0,0,0,0
ID_GXY2O4,0,0,0,0,0,0
ID_BXN7V5,0,0,0,0,0,0
ID_2SGSDT,0,0,0,0,0,0
ID_XCPIQO,0,0,0,0,0,0
ID_3667MZ,0,0,0,0,0,0
ID_RO68M7,0,0,0,0,0,0
ID_77I1EY,0,0,0,0,0,0
ID_0BIC86,0,0,0,0,0,0
ID_E2A4VO,0,0,0,0,0,0
ID_THX7VX,0,0,0,0,0,0
ID_0AJ8U9,0,0,0,0,0,0
ID_PUJFDN,0,0,0,0,0,0
ID_1IU2I2,0,0,0,0,0,0
ID_EVQ54N,0,0,0,0,0,0
ID_KIYQC5,0,0,0,0,0,0
ID_T52PPE,0,0,0,0,0,0
ID_61K92C,0,0,0,0,0,0
ID_N0SVKZ,0,0,0,0,0,0
ID_UHJ85X,0,0,0,0,0,0
ID_FGAFPQ,0,0,0,0,0,0
ID_HDXEXM,0,0,0,0,0,0
ID_3E7CGC,0,0,0,0,0,0
ID_C1F8X3,0,0,0,0,0,0
ID_MZSBAB,0,0,0,0,0,0
ID_Q56O57,0,0,0,0,0,0
ID_1RVGW9,0,0,0,0,0,0
ID_58MC6P,0,0,0,0,0,0
ID_FOJQGW,0,0,0,0,0,0
ID_35C7JW,0,0,0,0,0,0
ID_L28TL1,0,0,0,0,0,0
ID_CLGLXY,0,0,0,0,0,0
ID_EXZ1R2,0,0,0,0,0,0
ID_WESNI3,0,0,0,0,0,0
ID_U9ZCC7,0,0,0,0,0,0
ID_45ZMJV,0,0,0,0,0,0
ID_XYP6SP,0,0,0,0,0,0
ID_G6UFQU,0,0,0,0,0,0
ID_ODVUIL,0,0,0,0,0,0
ID_YZE2QF,0,0,0,0,0,0
ID_9DZOCW,0,0,0,0,0,0
ID_51JJSL,0,0,0,0,0,0
ID_GMY3C1,0,0,0,0,0,0
ID_DABR8L,0,0,0,0,0,0
ID_4MA2QC,0,0,0,0,0,0
ID_ELZUC6,0,0,0,0,0,0
ID_T8NHVT,0,0,0,0,0,0
ID_AGOYCT,0,0,0,0,0,0
ID_XBR8U2,0,0,0,0,0,0
ID_OS3L6Y,0,0,0,0,0,0
ID_NPH5L3,0,0,0,0,0,0
ID_UTJCJX,0,0,0,0,0,0
ID_6GA8P5,0,0,0,0,0,0
ID_N90YWJ,0,0,0,0,0,0
ID_PPL48A,0,0,0,0,0,0
ID_5IZPSJ,0,0,0,0,0,0
ID_95HXFP,0,0,0,0,0,0
ID_YKGTQZ,0,0,0,0,0,0
ID_XO99PM,0,0,0,0,0,0
ID_YW0OVY,0,0,0,0,0,0
ID_8SDNXH,0,0,0,0,0,0
ID_975ARS,0,0,0,0,0,0
ID_58X5D4,0,0,0,0,0,0
ID_8I9DGH,0,0,0,0,0,0
ID_3VC9WJ,0,0,0,0,0,0
ID_YXC5ON,0,0,0,0,0,0
ID_NBSK5G,0,0,0,0,0,0
ID_KQ04QH,0,0,0,0,0,0
ID_YSDTE7,0,0,0,0,0,0
ID_LNX08L,0,0,0,0,0,0
ID_A38DF6,0,0,0,0,0,0
ID_HYHBD2,0,0,0,0,0,0
ID_VVH8T9,0,0,0,0,0,0
ID_3EQ17H,0,0,0,0,0,0
ID_K4AQLE,0,0,0,0,0,0
ID_8NJRGR,0,0,0,0,0,0
ID_O0R7LM,0,0,0,0,0,0
ID_T3V81J,0,0,0,0,0,0
ID_17CBSE,0,0,0,0,0,0
ID_QEQV6B,0,0,0,0,0,0
ID_B3AEIG,0,0,0,0,0,0
ID_DIOTIH,0,0,0,0,0,0
ID_8SXXBU,0,0,0,0,0,0
ID_GY04J4,0,0,0,0,0,0
ID_JVH1XL,0,0,0,0,0,0
ID_BQMX0U,0,0,0,0,0,0
ID_A2WF55,0,0,0,0,0,0
ID_KFEN42,0,0,0,0,0,0
ID_HCBV68,0,0,0,0,0,0
ID_ES2FFM,0,0,0,0,0,0
ID_3YYMWE,0,0,0,0,0,0
ID_2H43T0,0,0,0,0,0,0
ID_RXD362,0,0,0,0,0,0
ID_58PJ9O,0,0,0,0,0,0
ID_BM5U1Q,0,0,0,0,0,0
ID_RBV67B,0,0,0,0,0,0
ID_4QL1O2,0,0,0,0,0,0
ID_61CWP8,0,0,0,0,0,0
ID_441QC0,0,0,0,0,0,0
ID_RP0HWS,0,0,0,0,0,0
ID_ZIK4BR,0,0,0,0,0,0
ID_4YD2HV,0,0,0,0,0,0
ID_MGDMTS,0,0,0,0,0,0
ID_ZG8TUX,0,0,0,0,0,0
ID_M7M0O5,0,0,0,0,0,0
ID_JV4ONC,0,0,0,0,0,0
ID_YY2KBH,0,0,0,0,0,0
ID_2IYZL9,0,0,0,0,0,0
ID_JG7WUC,0,0,0,0,0,0
ID_SDMPNE,0,0,0,0,0,0
ID_PBLIBF,0,0,0,0,0,0
ID_NAX540,0,0,0,0,0,0
ID_OPVRP2,0,0,0,0,0,0
ID_3HCX5S,0,0,0,0,0,0
ID_DVIT00,0,0,0,0,0,0
ID_NR5A4D,0,0,0,0,0,0
ID_G8T2EK,0,0,0,0,0,0
ID_NDOOQA,0,0,0,0,0,0
ID_XMC5OY,0,0,0,0,0,0
ID_DROQRP,0,0,0,0,0,0
ID_EK7LX4,0,0,0,0,0,0
ID_XRKDAW,0,0,0,0,0,0
ID_X4GJGA,0,0,0,0,0,0
ID_OSH9BI,0,0,0,0,0,0
ID_6RBU7F,0,0,0,0,0,0
ID_RDC7YW,0,0,0,0,0,0
ID_YLAYY7,0,0,0,0,0,0
ID_7QKGT1,0,0,0,0,0,0
ID_9MHUL1,0,0,0,0,0,0
ID_GZZP8Z,0,0,0,0,0,0
ID_H8UC60,0,0,0,0,0,0
ID_IC5E5W,0,0,0,0,0,0
ID_J7MJ63,0,0,0,0,0,0
ID_9VESBP,0,0,0,0,0,0
ID_IIOHA0,0,0,0,0,0,0
ID_EDYU13,0,0,0,0,0,0
ID_QUVBWV,0,0,0,0,0,0
ID_8HRGFI,0,0,0,0,0,0
ID_17OETA,0,0,0,0,0,0
ID_KL9HBX,0,0,0,0,0,0
ID_IEMYX2,0,0,0,0,0,0
ID_6UWMCC,0,0,0,0,0,0
ID_I5104D,0,0,0,0,0,0
ID_4LK3P9,0,0,0,0,0,0
ID_A0U9GI,0,0,0,0,0,0
ID_6PUP7B,0,0,0,0,0,0
ID_O30YBO,0,0,0,0,0,0
ID_HCD0UD,0,0,0,0,0,0
ID_LW0AA5,0,0,0,0,0,0
ID_G11075,0,0,0,0,0,0
ID_AMTQ4J,0,0,0,0,0,0
ID_66WDTG,0,0,0,0,0,0
ID_RDM028,0,0,0,0,0,0
ID_AL9VM7,0,0,0,0,0,0
ID_NVFSYV,0,0,0,0,0,0
ID_4G4ZJ7,0,0,0,0,0,0
ID_NRQ5F8,0,0,0,0,0,0
ID_C53TBV,0,0,0,0,0,0
ID_HY7MIM,0,0,0,0,0,0
ID_3KNP8P,0,0,0,0,0,0
ID_UIRJZ4,0,0,0,0,0,0
ID_ZJ37KK,0,0,0,0,0,0
ID_N6Q8G3,0,0,0,0,0,0
ID_CPPXBK,0,0,0,0,0,0
ID_PJK9J2,0,0,0,0,0,0
ID_UQB0VL,0,0,0,0,0,0
ID_4KPHLR,0,0,0,0,0,0
ID_0M3CYW,0,0,0,0,0,0
ID_O69HE1,0,0,0,0,0,0
ID_B54GJ0,0,0,0,0,0,0
ID_AZTSKM,0,0,0,0,0,0
ID_H0W9ME,0,0,0,0,0,0
ID_B4KLC8,0,0,0,0,0,0
ID_8D9ZFP,0,0,0,0,0,0
ID_K1G10G,0,0,0,0,0,0
ID_A31RI9,0,0,0,0,0,0
ID_TP4NFW,0,0,0,0,0,0
ID_VHXZ9C,0,0,0,0,0,0
ID_YJIM7T,0,0,0,0,0,0
ID_5HTS2Y,0,0,0,0,0,0
ID_DNLCIK,0,0,0,0,0,0
ID_BJ25JI,0,0,0,0,0,0
ID_PXSPR1,0,0,0,0,0,0
ID_1O86LL,0,0,0,0,0,0
ID_YBY27L,0,0,0,0,0,0
ID_6M828G,0,0,0,0,0,0
ID_ULPCYE,0,0,0,0,0,0
ID_J5ORF5,0,0,0,0,0,0
ID_9EIN4I,0,0,0,0,0,0
ID_2WL5QB,0,0,0,0,0,0
ID_IMS0IE,0,0,0,0,0,0
ID_BR6IX9,0,0,0,0,0,0
ID_MTL97C,0,0,0,0,0,0
ID_H9OSW0,0,0,0,0,0,0
ID_G5PLF7,0,0,0,0,0,0
ID_FEZQJV,0,0,0,0,0,0
ID_9DBSFM,0,0,0,0,0,0
ID_Z0AF43,0,0,0,0,0,0
ID_S0AMT1,0,0,0,0,0,0
ID_4FKT54,0,0,0,0,0,0
ID_AN2W0F,0,0,0,0,0,0
ID_1VJPG5,0,0,0,0,0,0
ID_U28NUL,0,0,0,0,0,0
ID_JM0402,0,0,0,0,0,0
ID_OZXBZL,0,0,0,0,0,0
ID_8EZIHU,0,0,0,0,0,0
ID_WTSOES,0,0,0,0,0,0
ID_JR9SOS,0,0,0,0,0,0
ID_COS5A9,0,0,0,0,0,0
ID_KSXKOB,0,0,0,0,0,0
ID_NJJG4I,0,0,0,0,0,0
ID_RF3ZEJ,0,0,0,0,0,0
ID_VQDDJT,0,0,0,0,0,0
ID_DNOZ9L,0,0,0,0,0,0
ID_SCOMZ9,0,0,0,0,0,0
ID_AS0DNH,0,0,0,0,0,0
ID_WE9C1E,0,0,0,0,0,0
ID_SSPRGM,0,0,0,0,0,0
ID_FSJ5X0,0,0,0,0,0,0
ID_2VN6JM,0,0,0,0,0,0
ID_13VBQD,0,0,0,0,0,0
ID_3DI2BT,0,0,0,0,0,0
ID_2YJS68,0,0,0,0,0,0
ID_CS38BF,0,0,0,0,0,0
ID_8VNFF3,0,0,0,0,0,0
ID_6C7YIO,0,0,0,0,0,0
ID_QLA831,0,0,0,0,0,0
ID_AACWC1,0,0,0,0,0,0
ID_XBBNI5,0,0,0,0,0,0
ID_JBOZLC,0,0,0,0,0,0
ID_1TH9CP,0,0,0,0,0,0
ID_PZUNL8,0,0,0,0,0,0
ID_Q0QKFP,0,0,0,0,0,0
ID_ODDVCM,0,0,0,0,0,0
ID_58WJDP,0,0,0,0,0,0
ID_X4ACA2,0,0,0,0,0,0
ID_UM9TQT,0,0,0,0,0,0
ID_6EKSP9,0,0,0,0,0,0
ID_JH6L4U,0,0,0,0,0,0
ID_JFRU5U,0,0,0,0,0,0
ID_SUYE1X,0,0,0,0,0,0
ID_ZQGM46,0,0,0,0,0,0
ID_2RJ2U3,0,0,0,0,0,0
ID_E7KTN1,0,0,0,0,0,0
ID_KA7DCD,0,0,0,0,0,0
ID_6ZKC1X,0,0,0,0,0,0
ID_KO6HLB,0,0,0,0,0,0
ID_4056KL,0,0,0,0,0,0
ID_X9T842,0,0,0,0,0,0
ID_3NTUXV,0,0,0,0,0,0
ID_XVKQK7,0,0,0,0,0,0
ID_5GZUBQ,0,0,0,0,0,0
ID_17D9JP,0,0,0,0,0,0
ID_TYNVF8,0,0,0,0,0,0
ID_TV24AA,0,0,0,0,0,0
ID_LSBEKG,0,0,0,0,0,0
ID_RMSOZU,0,0,0,0,0,0
ID_FSPTU3,0,0,0,0,0,0
ID_EDO53O,0,0,0,0,0,0
ID_1QRT4T,0,0,0,0,0,0
ID_XJXKWV,0,0,0,0,0,0
ID_O6V8RR,0,0,0,0,0,0
ID_A5TD1V,0,0,0,0,0,0
ID_IOL393,0,0,0,0,0,0
ID_N8CXN4,0,0,0,0,0,0
ID_DVKEA2,0,0,0,0,0,0
ID_U5JXNY,0,0,0,0,0,0
ID_16J7XY,0,0,0,0,0,0
ID_GOUYPK,0,0,0,0,0,0
ID_S4H5BI,0,0,0,0,0,0
ID_HEXLSI,0,0,0,0,0,0
ID_TPPS5I,0,0,0,0,0,0
ID_8PIUQT,0,0,0,0,0,0
ID_QM4HSG,0,0,0,0,0,0
ID_DJ125G,0,0,0,0,0,0
ID_0P2A85,0,0,0,0,0,0
ID_BFVDRS,0,0,0,0,0,0
ID_KL786J,0,0,0,0,0,0
ID_8GS5QK,0,0,0,0,0,0
ID_G4PK18,0,0,0,0,0,0
ID_75Q2B6,0,0,0,0,0,0
ID_MDJX3M,0,0,0,0,0,0
ID_JC11N2,0,0,0,0,0,0
ID_MTY7YC,0,0,0,0,0,0
ID_K2CG3Q,0,0,0,0,0,0
ID_5MCWQI,0,0,0,0,0,0
ID_QU1NKG,0,0,0,0,0,0
ID_VTPJ4T,0,0,0,0,0,0
ID_4VJ00L,0,0,0,0,0,0
ID_8S4VO7,0,0,0,0,0,0
ID_XDXHND,0,0,0,0,0,0
ID_M5I629,0,0,0,0,0,0
ID_9E7I2H,0,0,0,0,0,0
ID_KM0JDM,0,0,0,0,0,0
ID_1H3U3N,0,0,0,0,0,0
ID_6XUGQ8,0,0,0,0,0,0
ID_7RGFBY,0,0,0,0,0,0
ID_VLSFKY,0,0,0,0,0,0
ID_X0D27N,0,0,0,0,0,0
ID_HWGFYG,0,0,0,0,0,0
ID_EXAX4B,0,0,0,0,0,0
ID_G3QAE1,0,0,0,0,0,0
ID_2C49OY,0,0,0,0,0,0
ID_9LJ38S,0,0,0,0,0,0
ID_KZU7M2,0,0,0,0,0,0
ID_0M07RK,0,0,0,0,0,0
ID_CUCSP6,0,0,0,0,0,0
ID_JP36CR,0,0,0,0,0,0
ID_KTE7VD,0,0,0,0,0,0
ID_MO7THY,0,0,0,0,0,0
ID_73ZQQN,0,0,0,0,0,0
ID_N31K2F,0,0,0,0,0,0
ID_OTF81X,0,0,0,0,0,0
ID_TLVVNP,0,0,0,0,0,0
ID_J7O6U4,0,0,0,0,0,0
ID_DHS77L,0,0,0,0,0,0
ID_UIUSA8,0,0,0,0,0,0
ID_DV501P,0,0,0,0,0,0
ID_Q4HTWX,0,0,0,0,0,0
ID_F4UPPW,0,0,0,0,0,0
ID_WZO8LD,0,0,0,0,0,0
ID_RX48T3,0,0,0,0,0,0
ID_QP4SKG,0,0,0,0,0,0
ID_YY94P4,0,0,0,0,0,0
ID_UWDLN8,0,0,0,0,0,0
ID_5CNI9T,0,0,0,0,0,0
ID_MD1APV,0,0,0,0,0,0
ID_KDCZ7Z,0,0,0,0,0,0
ID_DPM8PH,0,0,0,0,0,0
ID_LZDXF2,0,0,0,0,0,0
ID_JXFNJT,0,0,0,0,0,0
ID_AZM6YO,0,0,0,0,0,0
ID_GMVBHF,0,0,0,0,0,0
ID_N7NHHA,0,0,0,0,0,0
ID_77QROJ,0,0,0,0,0,0
ID_X2OLZD,0,0,0,0,0,0
ID_QTC4KC,0,0,0,0,0,0
ID_BPS81D,0,0,0,0,0,0
ID_KTD6KR,0,0,0,0,0,0
ID_PPDF7A,0,0,0,0,0,0
ID_6641A1,0,0,0,0,0,0
ID_OAITKO,0,0,0,0,0,0
ID_SRXS3G,0,0,0,0,0,0
ID_LVJAOV,0,0,0,0,0,0
ID_O3E8XQ,0,0,0,0,0,0
ID_XRGUN3,0,0,0,0,0,0
ID_UOPB21,0,0,0,0,0,0
ID_OL9ZZN,0,0,0,0,0,0
ID_S1COAM,0,0,0,0,0,0
ID_RBELLK,0,0,0,0,0,0
ID_1MFG9V,0,0,0,0,0,0
ID_RVWZBR,0,0,0,0,0,0
ID_27WIU5,0,0,0,0,0,0
ID_WFTZDV,0,0,0,0,0,0
ID_D7PAAV,0,0,0,0,0,0
ID_70BPWC,0,0,0,0,0,0
ID_HSO3R5,0,0,0,0,0,0
ID_H28JEU,0,0,0,0,0,0
ID_GBS0BF,0,0,0,0,0,0
ID_RGQ9J9,0,0,0,0,0,0
ID_YM0DE6,0,0,0,0,0,0
ID_V4XUXS,0,0,0,0,0,0
ID_V2O17Y,0,0,0,0,0,0
ID_MATNBI,0,0,0,0,0,0
ID_E04TG3,0,0,0,0,0,0
ID_F96GF0,0,0,0,0,0,0
ID_SG90QC,0,0,0,0,0,0
ID_Q427N5,0,0,0,0,0,0
ID_T26TSN,0,0,0,0,0,0
ID_Q68MZP,0,0,0,0,0,0
ID_K17PR7,0,0,0,0,0,0
ID_MNW3NE,0,0,0,0,0,0
ID_OTQQV2,0,0,0,0,0,0
ID_VVW2JX,0,0,0,0,0,0
ID_XQVWDX,0,0,0,0,0,0
ID_0DKU6M,0,0,0,0,0,0
ID_X4WJ09,0,0,0,0,0,0
ID_CNT46X,0,0,0,0,0,0
ID_2TC7XJ,0,0,0,0,0,0
ID_KBTDL3,0,0,0,0,0,0
ID_5TXBVS,0,0,0,0,0,0
ID_7LBJ3Q,0,0,0,0,0,0
ID_LDB6RN,0,0,0,0,0,0
ID_3SMBQ7,0,0,0,0,0,0
ID_YBMZMU,0,0,0,0,0,0
ID_BBUXS1,0,0,0,0,0,0
ID_4MUCWX,0,0,0,0,0,0
ID_0FJ47U,0,0,0,0,0,0
ID_OJFQGG,0,0,0,0,0,0
ID_0607CU,0,0,0,0,0,0
ID_W6BR7Z,0,0,0,0,0,0
ID_RB4DDW,0,0,0,0,0,0
ID_447AWB,0,0,0,0,0,0
ID_S5QSUH,0,0,0,0,0,0
ID_W9WLM6,0,0,0,0,0,0
ID_VAS7W0,0,0,0,0,0,0
ID_2KIVZL,0,0,0,0,0,0
ID_Z0D0ZK,0,0,0,0,0,0
ID_9B5BUP,0,0,0,0,0,0
ID_AGOO4G,0,0,0,0,0,0
ID_HFOWJO,0,0,0,0,0,0
ID_0EFXCL,0,0,0,0,0,0
ID_HZSCGC,0,0,0,0,0,0
ID_24QL8G,0,0,0,0,0,0
ID_QT0W51,0,0,0,0,0,0
ID_H5PNR9,0,0,0,0,0,0
ID_7T0DG0,0,0,0,0,0,0
ID_4ER4L4,0,0,0,0,0,0
ID_18C9NZ,0,0,0,0,0,0
ID_WMRY6E,0,0,0,0,0,0
ID_RD8YJ9,0,0,0,0,0,0
ID_14CCW5,0,0,0,0,0,0
ID_QCIEWA,0,0,0,0,0,0
ID_KFX82E,0,0,0,0,0,0
ID_PXGR9P,0,0,0,0,0,0
ID_37GQA9,0,0,0,0,0,0
ID_08VBQC,0,0,0,0,0,0
ID_DU97Z7,0,0,0,0,0,0
ID_L67G42,0,0,0,0,0,0
ID_L52BTN,0,0,0,0,0,0
ID_PJFIJQ,0,0,0,0,0,0
ID_HRO1D2,0,0,0,0,0,0
ID_1FW7CS,0,0,0,0,0,0
ID_P8UHY9,0,0,0,0,0,0
ID_XWEED0,0,0,0,0,0,0
ID_O9QJT3,0,0,0,0,0,0
ID_SVFNPT,0,0,0,0,0,0
ID_3G221D,0,0,0,0,0,0
ID_988J2V,0,0,0,0,0,0
ID_MJ4S35,0,0,0,0,0,0
ID_77WSLK,0,0,0,0,0,0
ID_UTWPVF,0,0,0,0,0,0
ID_YQED87,0,0,0,0,0,0
ID_4BP2G9,0,0,0,0,0,0
ID_6QGY1Z,0,0,0,0,0,0
ID_1QJS5A,0,0,0,0,0,0
ID_5R788V,0,0,0,0,0,0
ID_A5L75P,0,0,0,0,0,0
ID_UKJ7AW,0,0,0,0,0,0
ID_QL0GG1,0,0,0,0,0,0
ID_PMU4S3,0,0,0,0,0,0
ID_Y1QQR1,0,0,0,0,0,0
ID_YDVVBN,0,0,0,0,0,0
ID_877C3W,0,0,0,0,0,0
ID_R6WG4R,0,0,0,0,0,0
ID_3CGV2O,0,0,0,0,0,0
ID_JZ1DT7,0,0,0,0,0,0
ID_M0RJ12,0,0,0,0,0,0
ID_WLUD58,0,0,0,0,0,0
ID_CANM7W,0,0,0,0,0,0
ID_7PARTF,0,0,0,0,0,0
ID_OQRL1V,0,0,0,0,0,0
ID_P72PXN,0,0,0,0,0,0
ID_DIB10L,0,0,0,0,0,0
ID_UMET3T,0,0,0,0,0,0
ID_SAGKH4,0,0,0,0,0,0
ID_5ZJ838,0,0,0,0,0,0
ID_QAJB03,0,0,0,0,0,0
ID_TOLG3S,0,0,0,0,0,0
ID_KA6FJW,0,0,0,0,0,0
ID_HBGSKJ,0,0,0,0,0,0
ID_GGU5J2,0,0,0,0,0,0
ID_TROPVA,0,0,0,0,0,0
ID_AYCDUN,0,0,0,0,0,0
ID_U11LEG,0,0,0,0,0,0
ID_XETUVB,0,0,0,0,0,0
ID_ER0QMP,0,0,0,0,0,0
ID_XGNQ9O,0,0,0,0,0,0
ID_WBWRW5,0,0,0,0,0,0
ID_88FMW1,0,0,0,0,0,0
ID_1DXH3A,0,0,0,0,0,0
ID_1RVJT3,0,0,0,0,0,0
ID_OTPKQQ,0,0,0,0,0,0
ID_7ZSW4C,0,0,0,0,0,0
ID_FIYKHY,0,0,0,0,0,0
ID_NFX05R,0,0,0,0,0,0
ID_HSNQXD,0,0,0,0,0,0
ID_IM9Q6V,0,0,0,0,0,0
ID_3MHJ12,0,0,0,0,0,0
ID_X3S5M0,0,0,0,0,0,0
ID_81WBMQ,0,0,0,0,0,0
ID_4E63KP,0,0,0,0,0,0
ID_2EY38F,0,0,0,0,0,0
ID_ZIPSHU,0,0,0,0,0,0
ID_LDJH8V,0,0,0,0,0,0
ID_C5NS5W,0,0,0,0,0,0
ID_IJIW16,0,0,0,0,0,0
ID_AWLF7P,0,0,0,0,0,0
ID_TVF9NJ,0,0,0,0,0,0
ID_909UZJ,0,0,0,0,0,0
ID_RFXCLJ,0,0,0,0,0,0
ID_VAW391,0,0,0,0,0,0
ID_2PJ3A5,0,0,0,0,0,0
ID_DBAD12,0,0,0,0,0,0
ID_MQZYJ8,0,0,0,0,0,0
ID_EUH8ES,0,0,0,0,0,0
ID_26VMG6,0,0,0,0,0,0
ID_ZRL8MB,0,0,0,0,0,0
ID_0G3D46,0,0,0,0,0,0
ID_EHI0LK,0,0,0,0,0,0
ID_YX54WA,0,0,0,0,0,0
ID_G9XF96,0,0,0,0,0,0
ID_CVPU48,0,0,0,0,0,0
ID_R5UBSV,0,0,0,0,0,0
ID_8UXO3Y,0,0,0,0,0,0
ID_LG3L35,0,0,0,0,0,0
ID_Q7EG21,0,0,0,0,0,0
ID_G8UF71,0,0,0,0,0,0
ID_ZT7UJV,0,0,0,0,0,0
ID_67YL2V,0,0,0,0,0,0
ID_FJ8725,0,0,0,0,0,0
ID_QKWGW5,0,0,0,0,0,0
ID_V4R9XP,0,0,0,0,0,0
ID_CRTQV5,0,0,0,0,0,0
ID_V2WUKT,0,0,0,0,0,0
ID_O1JSYX,0,0,0,0,0,0
ID_H1RMGK,0,0,0,0,0,0
ID_W5PZU9,0,0,0,0,0,0
ID_WQGQL0,0,0,0,0,0,0
ID_MT0834,0,0,0,0,0,0
ID_K2Q0Q3,0,0,0,0,0,0
ID_8M6IUO,0,0,0,0,0,0
ID_T84IZN,0,0,0,0,0,0
ID_KSREZR,0,0,0,0,0,0
ID_YSOIUI,0,0,0,0,0,0
ID_4J1TGQ,0,0,0,0,0,0
ID_2KOUYS,0,0,0,0,0,0
ID_O1065Q,0,0,0,0,0,0
ID_BH0CUB,0,0,0,0,0,0
ID_8VOP49,0,0,0,0,0,0
ID_D3AE5K,0,0,0,0,0,0
ID_NS4CUB,0,0,0,0,0,0
ID_V20B8W,0,0,0,0,0,0
ID_3WXRZN,0,0,0,0,0,0
ID_YAMG64,0,0,0,0,0,0
ID_2EWY31,0,0,0,0,0,0
ID_DA3ZSD,0,0,0,0,0,0
ID_O5J5NP,0,0,0,0,0,0
ID_35K21M,0,0,0,0,0,0
ID_Y497QV,0,0,0,0,0,0
ID_VN3OR6,0,0,0,0,0,0
ID_NJX141,0,0,0,0,0,0
ID_UU1117,0,0,0,0,0,0
ID_H5WHBV,0,0,0,0,0,0
ID_ICCKRJ,0,0,0,0,0,0
ID_D9ZCAS,0,0,0,0,0,0
ID_IRCWA8,0,0,0,0,0,0
ID_5YBQJW,0,0,0,0,0,0
ID_NG0D0W,0,0,0,0,0,0
ID_M6FOB0,0,0,0,0,0,0
ID_EJK4OE,0,0,0,0,0,0
ID_6NZH29,0,0,0,0,0,0
ID_FNVEEK,0,0,0,0,0,0
ID_ZOGBXH,0,0,0,0,0,0
ID_5QGGH8,0,0,0,0,0,0
ID_F9B6MT,0,0,0,0,0,0
ID_KBZKKV,0,0,0,0,0,0
ID_P31UC5,0,0,0,0,0,0
ID_MJE9X5,0,0,0,0,0,0
ID_MHL1EP,0,0,0,0,0,0
ID_QS6C6L,0,0,0,0,0,0
ID_WYZO6L,0,0,0,0,0,0
ID_L5G595,0,0,0,0,0,0
ID_O8WWCM,0,0,0,0,0,0
ID_6MFNPK,0,0,0,0,0,0
ID_VTXMG1,0,0,0,0,0,0
ID_O3WVD1,0,0,0,0,0,0
ID_4WUSQO,0,0,0,0,0,0
ID_0J3AUP,0,0,0,0,0,0
ID_1ZHQXH,0,0,0,0,0,0
ID_7JN2ZJ,0,0,0,0,0,0
ID_VMTGR9,0,0,0,0,0,0
ID_4N5G9S,0,0,0,0,0,0
ID_SHKO52,0,0,0,0,0,0
ID_0B4UC8,0,0,0,0,0,0
ID_KW8TLN,0,0,0,0,0,0
ID_96KS0N,0,0,0,0,0,0
ID_C126AD,0,0,0,0,0,0
ID_U29PRU,0,0,0,0,0,0
ID_EO9APG,0,0,0,0,0,0
ID_9FQSQU,0,0,0,0,0,0
ID_DTTTF1,0,0,0,0,0,0
ID_OFXA04,0,0,0,0,0,0
ID_5JTAY1,0,0,0,0,0,0
ID_XK60XG,0,0,0,0,0,0
ID_GPBEC6,0,0,0,0,0,0
ID_LVMDDI,0,0,0,0,0,0
ID_U3FWOQ,0,0,0,0,0,0
ID_61TUMU,0,0,0,0,0,0
ID_NDGW0L,0,0,0,0,0,0
ID_G98VBC,0,0,0,0,0,0
ID_L2F66F,0,0,0,0,0,0
ID_86S3CC,0,0,0,0,0,0
ID_5A7DCU,0,0,0,0,0,0
ID_R7GWJV,0,0,0,0,0,0
ID_EC9DWT,0,0,0,0,0,0
ID_2FQJXB,0,0,0,0,0,0
ID_E3N86E,0,0,0,0,0,0
ID_13WTCI,0,0,0,0,0,0
ID_HOSIQL,0,0,0,0,0,0
ID_F9XTJ9,0,0,0,0,0,0
ID_5WDZCE,0,0,0,0,0,0
ID_9R4GHU,0,0,0,0,0,0
ID_XYYE2I,0,0,0,0,0,0
ID_B5LJXG,0,0,0,0,0,0
ID_TLCU7K,0,0,0,0,0,0
ID_ISAWMU,0,0,0,0,0,0
ID_0C1NJ2,0,0,0,0,0,0
ID_QREWC2,0,0,0,0,0,0
ID_UOR6WZ,0,0,0,0,0,0
ID_QY2GPL,0,0,0,0,0,0
ID_5MTISQ,0,0,0,0,0,0
ID_S9Q4EN,0,0,0,0,0,0
ID_AP3AGT,0,0,0,0,0,0
ID_PGCWTF,0,0,0,0,0,0
ID_AU5Z79,0,0,0,0,0,0
ID_4G2CJ9,0,0,0,0,0,0
ID_L11NIB,0,0,0,0,0,0
ID_IQLYEI,0,0,0,0,0,0
ID_L9TDV1,0,0,0,0,0,0
ID_SSM0A6,0,0,0,0,0,0
ID_YGUMHZ,0,0,0,0,0,0
ID_7HLRFG,0,0,0,0,0,0
ID_7BAO0F,0,0,0,0,0,0
ID_UAIJ7E,0,0,0,0,0,0
ID_PU08ZH,0,0,0,0,0,0
ID_C94340,0,0,0,0,0,0
ID_J7XCFT,0,0,0,0,0,0
ID_Z7LJYZ,0,0,0,0,0,0
ID_FJCVJX,0,0,0,0,0,0
ID_ONKE15,0,0,0,0,0,0
ID_RNRCQZ,0,0,0,0,0,0
ID_WRNSAA,0,0,0,0,0,0
ID_LCZXTU,0,0,0,0,0,0
ID_OP948W,0,0,0,0,0,0
ID_LS3D11,0,0,0,0,0,0
ID_TGY6DL,0,0,0,0,0,0
ID_2EJPVM,0,0,0,0,0,0
ID_WXPI7P,0,0,0,0,0,0
ID_4S7MSK,0,0,0,0,0,0
ID_TTH20T,0,0,0,0,0,0
ID_R5ZBP8,0,0,0,0,0,0
ID_NOAXO6,0,0,0,0,0,0
ID_KLMWM4,0,0,0,0,0,0
ID_3SF9JD,0,0,0,0,0,0
ID_10MLVU,0,0,0,0,0,0
ID_MDIP8B,0,0,0,0,0,0
ID_EI59RO,0,0,0,0,0,0
ID_CRXGJ1,0,0,0,0,0,0
ID_Q289VH,0,0,0,0,0,0
ID_160IEI,0,0,0,0,0,0
ID_ZHBOQG,0,0,0,0,0,0
ID_PGZQ6O,0,0,0,0,0,0
ID_RTTSFT,0,0,0,0,0,0
ID_NA5BKH,0,0,0,0,0,0
ID_LLU7LP,0,0,0,0,0,0
ID_1PT63Z,0,0,0,0,0,0
ID_12DEUU,0,0,0,0,0,0
ID_CB1CL4,0,0,0,0,0,0
ID_RTAJ7Z,0,0,0,0,0,0
ID_YN73OE,0,0,0,0,0,0
ID_TEHFDM,0,0,0,0,0,0
ID_FD9QOT,0,0,0,0,0,0
ID_7I1WP9,0,0,0,0,0,0
ID_ZG5VP7,0,0,0,0,0,0
ID_9DCM7G,0,0,0,0,0,0
ID_7HAB68,0,0,0,0,0,0
ID_ZFVMYZ,0,0,0,0,0,0
ID_G94NN1,0,0,0,0,0,0
ID_M3CXFT,0,0,0,0,0,0
ID_WF6LOO,0,0,0,0,0,0
ID_4WVBAK,0,0,0,0,0,0
ID_8CWYXZ,0,0,0,0,0,0
ID_JEJN6Y,0,0,0,0,0,0
ID_XOENCA,0,0,0,0,0,0
ID_PC5PX2,0,0,0,0,0,0
ID_71E0FE,0,0,0,0,0,0
ID_MJW004,0,0,0,0,0,0
ID_HL4PFL,0,0,0,0,0,0
ID_MXJHKK,0,0,0,0,0,0
ID_TNS110,0,0,0,0,0,0
ID_LR35VE,0,0,0,0,0,0
ID_MB2AXF,0,0,0,0,0,0
ID_8OHGTY,0,0,0,0,0,0
ID_VHWMAJ,0,0,0,0,0,0
ID_M16FWY,0,0,0,0,0,0
ID_Y952YR,0,0,0,0,0,0
ID_OYMWBY,0,0,0,0,0,0
ID_DLQ14Q,0,0,0,0,0,0
ID_NW26SO,0,0,0,0,0,0
ID_DVWTT8,0,0,0,0,0,0
ID_BHEWUS,0,0,0,0,0,0
ID_9VKWXE,0,0,0,0,0,0
ID_KG99ML,0,0,0,0,0,0
ID_LNDWND,0,0,0,0,0,0
ID_LNMO6P,0,0,0,0,0,0
ID_ASPQ0T,0,0,0,0,0,0
ID_UZ5RU1,0,0,0,0,0,0
ID_VPSL0Q,0,0,0,0,0,0
ID_F1ANL2,0,0,0,0,0,0
ID_BC2DRF,0,0,0,0,0,0
ID_N9USLI,0,0,0,0,0,0
ID_MBAL7T,0,0,0,0,0,0
ID_105K6W,0,0,0,0,0,0
ID_AY1IJU,0,0,0,0,0,0
ID_W1U77P,0,0,0,0,0,0
ID_WH5T27,0,0,0,0,0,0
ID_069ZPC,0,0,0,0,0,0
ID_779X2A,0,0,0,0,0,0
ID_HXJAL6,0,0,0,0,0,0
ID_609D0A,0,0,0,0,0,0
ID_7GFAED,0,0,0,0,0,0
ID_JG5GH5,0,0,0,0,0,0
ID_7XUOK9,0,0,0,0,0,0
ID_2KM7AD,0,0,0,0,0,0
ID_GDIDTO,0,0,0,0,0,0
ID_Z1GDR8,0,0,0,0,0,0
ID_KU1YE3,0,0,0,0,0,0
ID_0S2H8J,0,0,0,0,0,0
ID_6V8K15,0,0,0,0,0,0
ID_NKIKQR,0,0,0,0,0,0
ID_IXP0C7,0,0,0,0,0,0
ID_K1ZO4B,0,0,0,0,0,0
ID_8TUA0Q,0,0,0,0,0,0
ID_KDZPJB,0,0,0,0,0,0
ID_3THUG2,0,0,0,0,0,0
ID_5NCY81,0,0,0,0,0,0
ID_NEHHRR,0,0,0,0,0,0
ID_NS9PPL,0,0,0,0,0,0
ID_KV15U8,0,0,0,0,0,0
ID_WVS18B,0,0,0,0,0,0
ID_I0P2QW,0,0,0,0,0,0
ID_KHDFYP,0,0,0,0,0,0
ID_IIGJAY,0,0,0,0,0,0
ID_7B2R43,0,0,0,0,0,0
ID_D52SWA,0,0,0,0,0,0
ID_C6OZTR,0,0,0,0,0,0
ID_VHR40J,0,0,0,0,0,0
ID_C0CJCL,0,0,0,0,0,0
ID_KGTUJ5,0,0,0,0,0,0
ID_4BLATV,0,0,0,0,0,0
ID_O4H1ZQ,0,0,0,0,0,0
ID_LPSE33,0,0,0,0,0,0
ID_U0RCFN,0,0,0,0,0,0
ID_A00I4T,0,0,0,0,0,0
ID_ND0LY1,0,0,0,0,0,0
ID_B8W5IC,0,0,0,0,0,0
ID_O1EWA5,0,0,0,0,0,0
ID_HDZQZ9,0,0,0,0,0,0
ID_SM8MWY,0,0,0,0,0,0
ID_XAWQBT,0,0,0,0,0,0
ID_4MLGUL,0,0,0,0,0,0
ID_HJNAV9,0,0,0,0,0,0
ID_E1PC2C,0,0,0,0,0,0
ID_RBCI4P,0,0,0,0,0,0
ID_HPZBP7,0,0,0,0,0,0
ID_2MJCIH,0,0,0,0,0,0
ID_1RX9EM,0,0,0,0,0,0
ID_SJYPXT,0,0,0,0,0,0
ID_KMZLCG,0,0,0,0,0,0
ID_LHSFU7,0,0,0,0,0,0
ID_75UKUY,0,0,0,0,0,0
ID_QQ2NP7,0,0,0,0,0,0
ID_62AIXA,0,0,0,0,0,0
ID_ELL5P4,0,0,0,0,0,0
ID_GMGNYC,0,0,0,0,0,0
ID_CU0AQJ,0,0,0,0,0,0
ID_PMTPGU,0,0,0,0,0,0
ID_M0HRMQ,0,0,0,0,0,0
ID_QTE82K,0,0,0,0,0,0
ID_CD87CE,0,0,0,0,0,0
ID_P6LIWL,0,0,0,0,0,0
ID_FX2DTF,0,0,0,0,0,0
ID_3XI7WA,0,0,0,0,0,0
ID_WY7HB2,0,0,0,0,0,0
ID_0B8HFE,0,0,0,0,0,0
ID_24B6W8,0,0,0,0,0,0
ID_YJL99H,0,0,0,0,0,0
ID_3046I9,0,0,0,0,0,0
ID_0LBP2J,0,0,0,0,0,0
ID_798Z9R,0,0,0,0,0,0
ID_JRS9B6,0,0,0,0,0,0
ID_UA7KNJ,0,0,0,0,0,0
ID_NMODZY,0,0,0,0,0,0
ID_KT7URD,0,0,0,0,0,0
ID_NNXS3C,0,0,0,0,0,0
ID_IX0BD3,0,0,0,0,0,0
ID_5J9HZN,0,0,0,0,0,0
ID_IR0XEF,0,0,0,0,0,0
ID_PAS7QB,0,0,0,0,0,0
ID_86KDAT,0,0,0,0,0,0
ID_WV727D,0,0,0,0,0,0
ID_DHEELN,0,0,0,0,0,0
ID_49ZR0J,0,0,0,0,0,0
ID_A4JODK,0,0,0,0,0,0
ID_5JFV9O,0,0,0,0,0,0
ID_ZURHDF,0,0,0,0,0,0
ID_INM3SW,0,0,0,0,0,0
ID_UIK8YA,0,0,0,0,0,0
ID_AQDNI6,0,0,0,0,0,0
ID_O3SQ4F,0,0,0,0,0,0
ID_YVV8LE,0,0,0,0,0,0
ID_6FFLEM,0,0,0,0,0,0
ID_GQTCC8,0,0,0,0,0,0
ID_JWUW04,0,0,0,0,0,0
ID_WQOZWP,0,0,0,0,0,0
ID_K7SZK7,0,0,0,0,0,0
ID_4XH5F8,0,0,0,0,0,0
ID_YR4SNY,0,0,0,0,0,0
ID_SFLOVN,0,0,0,0,0,0
ID_P4L38P,0,0,0,0,0,0
ID_KZSHWS,0,0,0,0,0,0
ID_B8L79J,0,0,0,0,0,0
ID_9CN7BW,0,0,0,0,0,0
ID_A0H4OZ,0,0,0,0,0,0
ID_F6B4AD,0,0,0,0,0,0
ID_MSQIBO,0,0,0,0,0,0
ID_7V71G9,0,0,0,0,0,0
ID_YKKJMR,0,0,0,0,0,0
ID_HGWENJ,0,0,0,0,0,0
ID_5DX44H,0,0,0,0,0,0
ID_VTIWLT,0,0,0,0,0,0
ID_2Z0CG0,0,0,0,0,0,0
ID_OYDRQ5,0,0,0,0,0,0
ID_2FJU0D,0,0,0,0,0,0
ID_D8RI19,0,0,0,0,0,0
ID_TZNROY,0,0,0,0,0,0
ID_67FSKH,0,0,0,0,0,0
ID_1THEJZ,0,0,0,0,0,0
ID_5KVV6E,0,0,0,0,0,0
ID_6DBYNR,0,0,0,0,0,0
ID_VP2P4T,0,0,0,0,0,0
ID_YTJ98B,0,0,0,0,0,0
ID_51WGYZ,0,0,0,0,0,0
ID_VWJZ0T,0,0,0,0,0,0
ID_SOV1SF,0,0,0,0,0,0
ID_85WFH8,0,0,0,0,0,0
ID_5LTEU7,0,0,0,0,0,0
ID_TCSDD9,0,0,0,0,0,0
ID_0R4SI9,0,0,0,0,0,0
ID_J3E718,0,0,0,0,0,0
ID_3Q1G1Y,0,0,0,0,0,0
ID_QB5TNO,0,0,0,0,0,0
ID_9KRW4X,0,0,0,0,0,0
ID_KKB2FP,0,0,0,0,0,0
ID_PGZRM5,0,0,0,0,0,0
ID_RMNVGN,0,0,0,0,0,0
ID_NR48CH,0,0,0,0,0,0
ID_4HCCJF,0,0,0,0,0,0
ID_EB5YAQ,0,0,0,0,0,0
ID_7JD3W8,0,0,0,0,0,0
ID_HYOHUO,0,0,0,0,0,0
ID_FXOTTU,0,0,0,0,0,0
ID_Q6CIW5,0,0,0,0,0,0
ID_1814TK,0,0,0,0,0,0
ID_6CB4J9,0,0,0,0,0,0
ID_AHXRG4,0,0,0,0,0,0
ID_XYGY3H,0,0,0,0,0,0
ID_6UA4I6,0,0,0,0,0,0
ID_2IGR16,0,0,0,0,0,0
ID_Q7XUFB,0,0,0,0,0,0
ID_62YYZT,0,0,0,0,0,0
ID_JN8OG5,0,0,0,0,0,0
ID_ISRR5Y,0,0,0,0,0,0
ID_5PLA0B,0,0,0,0,0,0
ID_35NWOW,0,0,0,0,0,0
ID_YQY24W,0,0,0,0,0,0
ID_DI3BLZ,0,0,0,0,0,0
ID_VKHZVC,0,0,0,0,0,0
ID_A1BT7P,0,0,0,0,0,0
ID_AY5QNS,0,0,0,0,0,0
ID_NQSX0L,0,0,0,0,0,0
ID_5GYG83,0,0,0,0,0,0
ID_IHSBSJ,0,0,0,0,0,0
ID_5HHMPL,0,0,0,0,0,0
ID_XPDP3L,0,0,0,0,0,0
ID_XJHY3X,0,0,0,0,0,0
ID_I85OXL,0,0,0,0,0,0
ID_D7ROX2,0,0,0,0,0,0
ID_TTBMMO,0,0,0,0,0,0
ID_NH0MKE,0,0,0,0,0,0
ID_EAV5JU,0,0,0,0,0,0
ID_PIHTNN,0,0,0,0,0,0
ID_R2GBR2,0,0,0,0,0,0
ID_9K5OP8,0,0,0,0,0,0
ID_S92J5L,0,0,0,0,0,0
ID_YJKVFO,0,0,0,0,0,0
ID_9YFLVL,0,0,0,0,0,0
ID_KGL2YI,0,0,0,0,0,0
ID_QCULBW,0,0,0,0,0,0
ID_44S52I,0,0,0,0,0,0
ID_11ICIZ,0,0,0,0,0,0
ID_CT2LVV,0,0,0,0,0,0
ID_6AYISH,0,0,0,0,0,0
ID_XILPD7,0,0,0,0,0,0
ID_S6J0DH,0,0,0,0,0,0
ID_1ZIDRP,0,0,0,0,0,0
ID_ZV1KUR,0,0,0,0,0,0
ID_P2AY95,0,0,0,0,0,0
ID_1LI5Z8,0,0,0,0,0,0
ID_N2Z61Z,0,0,0,0,0,0
ID_CC05K1,0,0,0,0,0,0
ID_U3WPWG,0,0,0,0,0,0
ID_8F9T58,0,0,0,0,0,0
ID_I0VAGE,0,0,0,0,0,0
ID_ZO6KXD,0,0,0,0,0,0
ID_BKQ59M,0,0,0,0,0,0
ID_LLDO4X,0,0,0,0,0,0
ID_H9A476,0,0,0,0,0,0
ID_UIAH3A,0,0,0,0,0,0
ID_37R6P0,0,0,0,0,0,0
ID_VBFQ27,0,0,0,0,0,0
ID_1PUNQS,0,0,0,0,0,0
ID_BETAJ7,0,0,0,0,0,0
ID_5O89Y7,0,0,0,0,0,0
ID_XXMA7O,0,0,0,0,0,0
ID_X3DDYX,0,0,0,0,0,0
ID_NS8494,0,0,0,0,0,0
ID_UEQ6AA,0,0,0,0,0,0
ID_X1YM1Q,0,0,0,0,0,0
ID_C7362R,0,0,0,0,0,0
ID_NMHCHY,0,0,0,0,0,0
ID_PAF3C5,0,0,0,0,0,0
ID_JH29HL,0,0,0,0,0,0
ID_0W3WIZ,0,0,0,0,0,0
ID_VTGHFS,0,0,0,0,0,0
ID_1CNEB7,0,0,0,0,0,0
ID_2OLRW4,0,0,0,0,0,0
ID_CAAK2M,0,0,0,0,0,0
ID_65WAHI,0,0,0,0,0,0
ID_CZ25Z6,0,0,0,0,0,0
ID_9LQ2OO,0,0,0,0,0,0
ID_K0UU30,0,0,0,0,0,0
ID_3DFR3Y,0,0,0,0,0,0
ID_UI6Z7D,0,0,0,0,0,0
ID_HGWHWZ,0,0,0,0,0,0
ID_X7BPSE,0,0,0,0,0,0
ID_NLXX83,0,0,0,0,0,0
ID_A0VN3Q,0,0,0,0,0,0
ID_7BH824,0,0,0,0,0,0
ID_42JPD0,0,0,0,0,0,0
ID_WPVP1C,0,0,0,0,0,0
ID_C0I1K6,0,0,0,0,0,0
ID_ESSAKD,0,0,0,0,0,0
ID_4QJ283,0,0,0,0,0,0
ID_N6OJKP,0,0,0,0,0,0
ID_2PSI63,0,0,0,0,0,0
ID_RH7C7G,0,0,0,0,0,0
ID_LEIJJU,0,0,0,0,0,0
ID_ZGGKY6,0,0,0,0,0,0
ID_A4VV2J,0,0,0,0,0,0
ID_4H423V,0,0,0,0,0,0
ID_BN4ZUC,0,0,0,0,0,0
ID_JQP0GO,0,0,0,0,0,0
ID_EY01DW,0,0,0,0,0,0
ID_LSYCJA,0,0,0,0,0,0
ID_TG8Q5B,0,0,0,0,0,0
ID_1R6KBX,0,0,0,0,0,0
ID_6S01QQ,0,0,0,0,0,0
ID_WDR1DB,0,0,0,0,0,0
ID_F1W6A8,0,0,0,0,0,0
ID_VWT33F,0,0,0,0,0,0
ID_1K2IK4,0,0,0,0,0,0
ID_G8273O,0,0,0,0,0,0
ID_K3MH49,0,0,0,0,0,0
ID_ILMPVI,0,0,0,0,0,0
ID_7L3EBG,0,0,0,0,0,0
ID_YXN02X,0,0,0,0,0,0
ID_JKAO0V,0,0,0,0,0,0
ID_ELVZJ4,0,0,0,0,0,0
ID_SZ6SD4,0,0,0,0,0,0
ID_C45C8D,0,0,0,0,0,0
ID_42H10S,0,0,0,0,0,0
ID_IOL8QO,0,0,0,0,0,0
ID_4CP7AL,0,0,0,0,0,0
ID_01KDSJ,0,0,0,0,0,0
ID_JT786G,0,0,0,0,0,0
ID_5WNN44,0,0,0,0,0,0
ID_3YYMHR,0,0,0,0,0,0
ID_HC667G,0,0,0,0,0,0
ID_GLG3BW,0,0,0,0,0,0
ID_VJD2TG,0,0,0,0,0,0
ID_THMTJJ,0,0,0,0,0,0
ID_JJQ7YC,0,0,0,0,0,0
ID_Y7CXW1,0,0,0,0,0,0
ID_17AFRL,0,0,0,0,0,0
ID_S4Z438,0,0,0,0,0,0
ID_YUOUW7,0,0,0,0,0,0
ID_L6PKD7,0,0,0,0,0,0
ID_VHOMVJ,0,0,0,0,0,0
ID_6GSJN9,0,0,0,0,0,0
ID_8WVM4V,0,0,0,0,0,0
ID_0R93MC,0,0,0,0,0,0
ID_DYUI0S,0,0,0,0,0,0
ID_7S94M8,0,0,0,0,0,0
ID_FPO6CT,0,0,0,0,0,0
ID_4PIICD,0,0,0,0,0,0
ID_7Z1OEX,0,0,0,0,0,0
ID_ZWAYEC,0,0,0,0,0,0
ID_5TMB7W,0,0,0,0,0,0
ID_SL3LJH,0,0,0,0,0,0
ID_S9A2CH,0,0,0,0,0,0
ID_8ZLCJM,0,0,0,0,0,0
ID_Z9RJ0P,0,0,0,0,0,0
ID_MPYX24,0,0,0,0,0,0
ID_9EXACB,0,0,0,0,0,0
ID_V9OEDQ,0,0,0,0,0,0
ID_YMPSN4,0,0,0,0,0,0
ID_1TUGZ1,0,0,0,0,0,0
ID_YDXAKV,0,0,0,0,0,0
ID_PRDI5C,0,0,0,0,0,0
ID_71EOCG,0,0,0,0,0,0
ID_7TF4UJ,0,0,0,0,0,0
ID_7EMZ64,0,0,0,0,0,0
ID_XYN203,0,0,0,0,0,0
ID_3SVZBQ,0,0,0,0,0,0
ID_1RHNQE,0,0,0,0,0,0
ID_9591EG,0,0,0,0,0,0
ID_7C2Z9D,0,0,0,0,0,0
ID_3WZ4QR,0,0,0,0,0,0
ID_MSMMPC,0,0,0,0,0,0
ID_BNY20U,0,0,0,0,0,0
ID_BSAIVO,0,0,0,0,0,0
ID_ZW3SI4,0,0,0,0,0,0
ID_8UQO5L,0,0,0,0,0,0
ID_MRD0AN,0,0,0,0,0,0
ID_MA3TNF,0,0,0,0,0,0
ID_RSE1HV,0,0,0,0,0,0
ID_SHODPZ,0,0,0,0,0,0
ID_4TKW8H,0,0,0,0,0,0
ID_XHOMST,0,0,0,0,0,0
ID_CWCX3R,0,0,0,0,0,0
ID_QWQA1S,0,0,0,0,0,0
ID_FD8VUJ,0,0,0,0,0,0
ID_09ZYPU,0,0,0,0,0,0
ID_2EL15S,0,0,0,0,0,0
ID_3HEHE8,0,0,0,0,0,0
ID_AVS27C,0,0,0,0,0,0
ID_4TMDMI,0,0,0,0,0,0
ID_L3D1PD,0,0,0,0,0,0
ID_9QK7NQ,0,0,0,0,0,0
ID_J6JGHE,0,0,0,0,0,0
ID_DFHCVN,0,0,0,0,0,0
ID_OQIP0P,0,0,0,0,0,0
ID_TTLQFT,0,0,0,0,0,0
ID_J8RW6M,0,0,0,0,0,0
ID_A6O2SG,0,0,0,0,0,0
ID_UP8KST,0,0,0,0,0,0
ID_WLNLBJ,0,0,0,0,0,0
ID_4335T7,0,0,0,0,0,0
ID_0RIAKA,0,0,0,0,0,0
ID_PFTH0I,0,0,0,0,0,0
ID_U7ZKS5,0,0,0,0,0,0
ID_WYDFUZ,0,0,0,0,0,0
ID_O285XB,0,0,0,0,0,0
ID_T8CD4T,0,0,0,0,0,0
ID_CSAYLE,0,0,0,0,0,0
ID_D3CDWX,0,0,0,0,0,0
ID_3C2ZXC,0,0,0,0,0,0
ID_0YRTG4,0,0,0,0,0,0
ID_WDGX53,0,0,0,0,0,0
ID_9CNGR5,0,0,0,0,0,0
ID_2G7LG0,0,0,0,0,0,0
ID_GWSRDD,0,0,0,0,0,0
ID_TQUFUH,0,0,0,0,0,0
ID_73JQT3,0,0,0,0,0,0
ID_XODT6Z,0,0,0,0,0,0
ID_P7KGFD,0,0,0,0,0,0
ID_VORLGR,0,0,0,0,0,0
ID_OHQFHL,0,0,0,0,0,0
ID_DI7TB6,0,0,0,0,0,0
ID_BBJ1C7,0,0,0,0,0,0
ID_S13X9P,0,0,0,0,0,0
ID_7VEVKZ,0,0,0,0,0,0
ID_P2SNXV,0,0,0,0,0,0
ID_AG0DV4,0,0,0,0,0,0
ID_A5JFW5,0,0,0,0,0,0
ID_KBJNJS,0,0,0,0,0,0
ID_FSAUJE,0,0,0,0,0,0
ID_5D1GJP,0,0,0,0,0,0
ID_NMA9QM,0,0,0,0,0,0
ID_UW007A,0,0,0,0,0,0
ID_LJKCFC,0,0,0,0,0,0
ID_HLGP12,0,0,0,0,0,0
ID_S9U4UM,0,0,0,0,0,0
ID_6XAV78,0,0,0,0,0,0
ID_CKPRQX,0,0,0,0,0,0
ID_6ORRGR,0,0,0,0,0,0
ID_1RBLFR,0,0,0,0,0,0
ID_V0491E,0,0,0,0,0,0
ID_BW563T,0,0,0,0,0,0
ID_BCF832,0,0,0,0,0,0
ID_92L6F1,0,0,0,0,0,0
ID_XJ2V2R,0,0,0,0,0,0
ID_IEZYLA,0,0,0,0,0,0
ID_07IEOH,0,0,0,0,0,0
ID_PC8H2H,0,0,0,0,0,0
ID_AFPXWV,0,0,0,0,0,0
ID_MC93HT,0,0,0,0,0,0
ID_YBTUZE,0,0,0,0,0,0
ID_AOT5SC,0,0,0,0,0,0
ID_KNRO8I,0,0,0,0,0,0
ID_CBF0WB,0,0,0,0,0,0
ID_SRGP1G,0,0,0,0,0,0
ID_QF1X6V,0,0,0,0,0,0
ID_QUWHJF,0,0,0,0,0,0
ID_A17HD6,0,0,0,0,0,0
ID_GF785Q,0,0,0,0,0,0
ID_LIQLDL,0,0,0,0,0,0
ID_Y4DJS3,0,0,0,0,0,0
ID_191NGN,0,0,0,0,0,0
ID_UWP16T,0,0,0,0,0,0
ID_MFZFLA,0,0,0,0,0,0
ID_1NKWXY,0,0,0,0,0,0
ID_QHD9TK,0,0,0,0,0,0
ID_DDU4NI,0,0,0,0,0,0
ID_84FB6I,0,0,0,0,0,0
ID_T8G8DN,0,0,0,0,0,0
ID_AP89NX,0,0,0,0,0,0
ID_4E0OD8,0,0,0,0,0,0
ID_9LC3RF,0,0,0,0,0,0
ID_RSOUS6,0,0,0,0,0,0
ID_G9BHO4,0,0,0,0,0,0
ID_2MX0HD,0,0,0,0,0,0
ID_8EAK23,0,0,0,0,0,0
ID_V58SOK,0,0,0,0,0,0
ID_OHZDXA,0,0,0,0,0,0
ID_8OHH76,0,0,0,0,0,0
ID_FLPL6K,0,0,0,0,0,0
ID_5DIDVJ,0,0,0,0,0,0
ID_Y5LHZW,0,0,0,0,0,0
ID_UZPUHX,0,0,0,0,0,0
ID_D9MK4T,0,0,0,0,0,0
ID_D14J3I,0,0,0,0,0,0
ID_LK15NN,0,0,0,0,0,0
ID_K9I700,0,0,0,0,0,0
ID_KVKFJ3,0,0,0,0,0,0
ID_IN959W,0,0,0,0,0,0
ID_8XHP8Q,0,0,0,0,0,0
ID_HY7KG0,0,0,0,0,0,0
ID_37GOXD,0,0,0,0,0,0
ID_IIXIDN,0,0,0,0,0,0
ID_EZ3XZJ,0,0,0,0,0,0
ID_APCWZY,0,0,0,0,0,0
ID_VR58DQ,0,0,0,0,0,0
ID_L8MFWN,0,0,0,0,0,0
ID_GB2GYU,0,0,0,0,0,0
ID_Q73JQI,0,0,0,0,0,0
ID_TIMB8R,0,0,0,0,0,0
ID_MLREEU,0,0,0,0,0,0
ID_UUQBEI,0,0,0,0,0,0
ID_ZG0ROW,0,0,0,0,0,0
ID_B6VY1Z,0,0,0,0,0,0
ID_VARM7Z,0,0,0,0,0,0
ID_M7OFB6,0,0,0,0,0,0
ID_3HSX03,0,0,0,0,0,0
ID_Z6Z85B,0,0,0,0,0,0
ID_MZKSDH,0,0,0,0,0,0
ID_UAMK6H,0,0,0,0,0,0
ID_A2HVBO,0,0,0,0,0,0
ID_ENP73N,0,0,0,0,0,0
ID_XD2LJU,0,0,0,0,0,0
ID_2V5659,0,0,0,0,0,0
ID_VRAV4V,0,0,0,0,0,0
ID_40U649,0,0,0,0,0,0
ID_5IRYRC,0,0,0,0,0,0
ID_H664WY,0,0,0,0,0,0
ID_P77VC6,0,0,0,0,0,0
ID_T9KRRA,0,0,0,0,0,0
ID_0B4A8Q,0,0,0,0,0,0
ID_W6GZ1B,0,0,0,0,0,0
ID_10UIZF,0,0,0,0,0,0
ID_C8435Y,0,0,0,0,0,0
ID_C7L9V3,0,0,0,0,0,0
ID_1478I5,0,0,0,0,0,0
ID_P7XPW8,0,0,0,0,0,0
ID_TC8N7F,0,0,0,0,0,0
ID_WJ4R77,0,0,0,0,0,0
ID_6HRSIP,0,0,0,0,0,0
ID_637C9D,0,0,0,0,0,0
ID_TCLYKO,0,0,0,0,0,0
ID_3Q57F9,0,0,0,0,0,0
ID_KRP2TY,0,0,0,0,0,0
ID_EAZM7J,0,0,0,0,0,0
ID_SE57YO,0,0,0,0,0,0
ID_GN8B1D,0,0,0,0,0,0
ID_P4UANT,0,0,0,0,0,0
ID_ZMCJ2Q,0,0,0,0,0,0
ID_NSV4HT,0,0,0,0,0,0
ID_93US6O,0,0,0,0,0,0
ID_0GK47U,0,0,0,0,0,0
ID_0PA047,0,0,0,0,0,0
ID_V95I2K,0,0,0,0,0,0
ID_SHP86B,0,0,0,0,0,0
ID_7P6OO5,0,0,0,0,0,0
ID_U12TWD,0,0,0,0,0,0
ID_77FFSM,0,0,0,0,0,0
ID_AYTESS,0,0,0,0,0,0
ID_48RBAI,0,0,0,0,0,0
ID_THVLLX,0,0,0,0,0,0
ID_0DNHH6,0,0,0,0,0,0
ID_KFSOA3,0,0,0,0,0,0
ID_DHCN4J,0,0,0,0,0,0
ID_AJGNRV,0,0,0,0,0,0
ID_J84S0N,0,0,0,0,0,0
ID_7OBQKJ,0,0,0,0,0,0
ID_DURZOC,0,0,0,0,0,0
ID_A1NG0E,0,0,0,0,0,0
ID_93BEL0,0,0,0,0,0,0
ID_Y253GL,0,0,0,0,0,0
ID_XA509Z,0,0,0,0,0,0
ID_16I1L9,0,0,0,0,0,0
ID_V7IO7L,0,0,0,0,0,0
ID_6QCKXQ,0,0,0,0,0,0
ID_47I584,0,0,0,0,0,0
ID_69K3HG,0,0,0,0,0,0
ID_GI8Y39,0,0,0,0,0,0
ID_8GM08Z,0,0,0,0,0,0
ID_2AE783,0,0,0,0,0,0
ID_9PC620,0,0,0,0,0,0
ID_WWDHR8,0,0,0,0,0,0
ID_7IEG1B,0,0,0,0,0,0
ID_5LFU16,0,0,0,0,0,0
ID_S7DJ0M,0,0,0,0,0,0
ID_CDQRQK,0,0,0,0,0,0
ID_OFHLS9,0,0,0,0,0,0
ID_MPMAX7,0,0,0,0,0,0
ID_FW51RV,0,0,0,0,0,0
ID_QOIBJ5,0,0,0,0,0,0
ID_5XLVDG,0,0,0,0,0,0
ID_5UL3B8,0,0,0,0,0,0
ID_I8SPS8,0,0,0,0,0,0
ID_MJCTFU,0,0,0,0,0,0
ID_73RXG2,0,0,0,0,0,0
ID_FJBA2Y,0,0,0,0,0,0
ID_R85ZN2,0,0,0,0,0,0
ID_A7S2QB,0,0,0,0,0,0
ID_J27MNC,0,0,0,0,0,0
ID_1OMBT2,0,0,0,0,0,0
ID_YJ6RV9,0,0,0,0,0,0
ID_5WE7C3,0,0,0,0,0,0
ID_A8RHTO,0,0,0,0,0,0
ID_2ZN73O,0,0,0,0,0,0
ID_C6U07K,0,0,0,0,0,0
ID_QT2QTJ,0,0,0,0,0,0
ID_Q7ASJA,0,0,0,0,0,0
ID_NGKGHB,0,0,0,0,0,0
ID_G0TYST,0,0,0,0,0,0
ID_3BAXJ6,0,0,0,0,0,0
ID_XRWI9M,0,0,0,0,0,0
ID_D7RSB9,0,0,0,0,0,0
ID_ASHUUH,0,0,0,0,0,0
ID_YI3Y3Z,0,0,0,0,0,0
ID_98UW80,0,0,0,0,0,0
ID_PAQZU8,0,0,0,0,0,0
ID_F9OK5B,0,0,0,0,0,0
ID_HMTKR4,0,0,0,0,0,0
ID_B0DA6F,0,0,0,0,0,0
ID_DFDTMU,0,0,0,0,0,0
ID_LXACL5,0,0,0,0,0,0
ID_CBVLAB,0,0,0,0,0,0
ID_1FZSN7,0,0,0,0,0,0
ID_NO89QH,0,0,0,0,0,0
ID_GNC8JC,0,0,0,0,0,0
ID_HCR8GH,0,0,0,0,0,0
ID_10N2VK,0,0,0,0,0,0
ID_UT4XJF,0,0,0,0,0,0
ID_YLXU9M,0,0,0,0,0,0
ID_4NTES0,0,0,0,0,0,0
ID_FUY781,0,0,0,0,0,0
ID_246KG5,0,0,0,0,0,0
ID_7UBEUR,0,0,0,0,0,0
ID_ENF8M5,0,0,0,0,0,0
ID_SRSRAL,0,0,0,0,0,0
ID_FD8ZI8,0,0,0,0,0,0
ID_UIGNFR,0,0,0,0,0,0
ID_C9MAJ1,0,0,0,0,0,0
ID_HXGN3V,0,0,0,0,0,0
ID_OVVPK9,0,0,0,0,0,0
ID_L9HZTL,0,0,0,0,0,0
ID_51S38T,0,0,0,0,0,0
ID_S646L7,0,0,0,0,0,0
ID_9KRFB3,0,0,0,0,0,0
ID_VZM1MD,0,0,0,0,0,0
ID_8Q8Y59,0,0,0,0,0,0
ID_75JXLU,0,0,0,0,0,0
ID_WQKQS3,0,0,0,0,0,0
ID_KI7W19,0,0,0,0,0,0
ID_WT9PFH,0,0,0,0,0,0
ID_AJQF8U,0,0,0,0,0,0
ID_VJZNT5,0,0,0,0,0,0
ID_9GC8XE,0,0,0,0,0,0
ID_BY6RMS,0,0,0,0,0,0
ID_N0DUMK,0,0,0,0,0,0
ID_PKJD08,0,0,0,0,0,0
ID_82L3TI,0,0,0,0,0,0
ID_J92EB7,0,0,0,0,0,0
ID_QIJNDP,0,0,0,0,0,0
ID_Q3GZ5L,0,0,0,0,0,0
ID_TMRPQD,0,0,0,0,0,0
ID_O34XT4,0,0,0,0,0,0
ID_A8SJVQ,0,0,0,0,0,0
ID_VHXPW7,0,0,0,0,0,0
ID_SSX5RT,0,0,0,0,0,0
ID_SVTNY3,0,0,0,0,0,0
ID_ASXZEU,0,0,0,0,0,0
ID_ASO3HW,0,0,0,0,0,0
ID_A0P45E,0,0,0,0,0,0
ID_A5P638,0,0,0,0,0,0
ID_O9M8OV,0,0,0,0,0,0
ID_R5HYT0,0,0,0,0,0,0
ID_T27RDZ,0,0,0,0,0,0
ID_ZL88H9,0,0,0,0,0,0
ID_WMGZLT,0,0,0,0,0,0
ID_OUZU7J,0,0,0,0,0,0
ID_3MWO86,0,0,0,0,0,0
ID_V7B9OB,0,0,0,0,0,0
ID_1CHR8Q,0,0,0,0,0,0
ID_OYNYUS,0,0,0,0,0,0
ID_W5LBB7,0,0,0,0,0,0
ID_KY00K1,0,0,0,0,0,0
ID_Q2Y59O,0,0,0,0,0,0
ID_PUJCBJ,0,0,0,0,0,0
ID_K84YP7,0,0,0,0,0,0
ID_3NHQEI,0,0,0,0,0,0
ID_UILO37,0,0,0,0,0,0
ID_4DX5SQ,0,0,0,0,0,0
ID_RJRTCV,0,0,0,0,0,0
ID_ZB0O8U,0,0,0,0,0,0
ID_PN2N13,0,0,0,0,0,0
ID_93TVM3,0,0,0,0,0,0
ID_P6XFCM,0,0,0,0,0,0
ID_2KK17J,0,0,0,0,0,0
ID_YS4DN7,0,0,0,0,0,0
ID_EOCHJE,0,0,0,0,0,0
ID_BK8LGH,0,0,0,0,0,0
ID_Z4T6BV,0,0,0,0,0,0
ID_QVSD2L,0,0,0,0,0,0
ID_OPCADS,0,0,0,0,0,0
ID_NVJJ5G,0,0,0,0,0,0
ID_S81SIF,0,0,0,0,0,0
ID_LIPWDK,0,0,0,0,0,0
ID_38P6TC,0,0,0,0,0,0
ID_I9HBRV,0,0,0,0,0,0
ID_GEQ8P9,0,0,0,0,0,0
ID_HM7QK3,0,0,0,0,0,0
ID_50XQ30,0,0,0,0,0,0
ID_K9I5T4,0,0,0,0,0,0
ID_T6WUW9,0,0,0,0,0,0
ID_JAQYBD,0,0,0,0,0,0
ID_P0DN51,0,0,0,0,0,0
ID_857Z80,0,0,0,0,0,0
ID_QYV39I,0,0,0,0,0,0
ID_7500UM,0,0,0,0,0,0
ID_QEY4K0,0,0,0,0,0,0
ID_UP40ON,0,0,0,0,0,0
ID_MZCMK3,0,0,0,0,0,0
ID_PNRJYQ,0,0,0,0,0,0
ID_ID5YZI,0,0,0,0,0,0
ID_CCS9JU,0,0,0,0,0,0
ID_DDJ9V7,0,0,0,0,0,0
ID_EDAEU7,0,0,0,0,0,0
ID_X2NS69,0,0,0,0,0,0
ID_CN9P9S,0,0,0,0,0,0
ID_8QXS7R,0,0,0,0,0,0
ID_102LSP,0,0,0,0,0,0
ID_F99SZ8,0,0,0,0,0,0
ID_27RXCX,0,0,0,0,0,0
ID_F4VUN8,0,0,0,0,0,0
ID_PE32BW,0,0,0,0,0,0
ID_LT4Z0L,0,0,0,0,0,0
ID_UZWPDL,0,0,0,0,0,0
ID_HIZ1X9,0,0,0,0,0,0
ID_B7HWMU,0,0,0,0,0,0
ID_TLJSLU,0,0,0,0,0,0
ID_8TZ82S,0,0,0,0,0,0
ID_TACN8N,0,0,0,0,0,0
ID_BHVXLM,0,0,0,0,0,0
ID_AYF0X6,0,0,0,0,0,0
ID_AKI6UW,0,0,0,0,0,0
ID_KQ1KR2,0,0,0,0,0,0
ID_MQM1IZ,0,0,0,0,0,0
ID_78D4BY,0,0,0,0,0,0
ID_V95F5C,0,0,0,0,0,0
ID_V3X6CA,0,0,0,0,0,0
ID_DVJQKR,0,0,0,0,0,0
ID_G0MEX3,0,0,0,0,0,0
ID_9DO4QU,0,0,0,0,0,0
ID_WSB8LR,0,0,0,0,0,0
ID_5CPBDC,0,0,0,0,0,0
ID_YYSNGZ,0,0,0,0,0,0
ID_XSBQYX,0,0,0,0,0,0
ID_JCCWNU,0,0,0,0,0,0
ID_KCH7X5,0,0,0,0,0,0
ID_E64OJ6,0,0,0,0,0,0
ID_5H8PVL,0,0,0,0,0,0
ID_P0G7WD,0,0,0,0,0,0
ID_GZFBQ5,0,0,0,0,0,0
ID_4GMPF3,0,0,0,0,0,0
ID_9JSTQV,0,0,0,0,0,0
ID_ZWXW0B,0,0,0,0,0,0
ID_H5KKN0,0,0,0,0,0,0
ID_BBPROY,0,0,0,0,0,0
ID_QAB5U6,0,0,0,0,0,0
ID_J82ZW4,0,0,0,0,0,0
ID_A98789,0,0,0,0,0,0
ID_2YKFCI,0,0,0,0,0,0
ID_5V9K6C,0,0,0,0,0,0
ID_DWZQ4A,0,0,0,0,0,0
ID_ITBGON,0,0,0,0,0,0
ID_4EDG4S,0,0,0,0,0,0
ID_HC9YH1,0,0,0,0,0,0
ID_JM20M0,0,0,0,0,0,0
ID_S74TN3,0,0,0,0,0,0
ID_Y1B07W,0,0,0,0,0,0
ID_2IVHPB,0,0,0,0,0,0
ID_EYQ5PL,0,0,0,0,0,0
ID_71R83J,0,0,0,0,0,0
ID_CRCSGS,0,0,0,0,0,0
ID_EPTRY7,0,0,0,0,0,0
ID_BFK6VG,0,0,0,0,0,0
ID_30QIOI,0,0,0,0,0,0
ID_4A6LYM,0,0,0,0,0,0
ID_D18LK8,0,0,0,0,0,0
ID_TW47R1,0,0,0,0,0,0
ID_C71DL5,0,0,0,0,0,0
ID_MSN4C3,0,0,0,0,0,0
ID_OJZ8C7,0,0,0,0,0,0
ID_D2M3ZP,0,0,0,0,0,0
ID_K6I7K2,0,0,0,0,0,0
ID_O9MSMB,0,0,0,0,0,0
ID_BMZ0GK,0,0,0,0,0,0
ID_BW20PQ,0,0,0,0,0,0
ID_UGXFP5,0,0,0,0,0,0
ID_4RNHBU,0,0,0,0,0,0
ID_APVH2B,0,0,0,0,0,0
ID_5J4D9Q,0,0,0,0,0,0
ID_54MFRL,0,0,0,0,0,0
ID_A7ZQ0T,0,0,0,0,0,0
ID_M7FT1I,0,0,0,0,0,0
ID_C8TXYW,0,0,0,0,0,0
ID_GG6L8I,0,0,0,0,0,0
ID_NERIQP,0,0,0,0,0,0
ID_XEN2AL,0,0,0,0,0,0
ID_1Q215O,0,0,0,0,0,0
ID_YYSW41,0,0,0,0,0,0
ID_OSJLS5,0,0,0,0,0,0
ID_NM10NX,0,0,0,0,0,0
ID_6VPCAY,0,0,0,0,0,0
ID_26CQRW,0,0,0,0,0,0
ID_XEVGFX,0,0,0,0,0,0
ID_SK7P7Z,0,0,0,0,0,0
ID_RX1YJY,0,0,0,0,0,0
ID_M1RQVD,0,0,0,0,0,0
ID_ZQWSA2,0,0,0,0,0,0
ID_ZRBMKO,0,0,0,0,0,0
ID_GJDPNZ,0,0,0,0,0,0
ID_6DUQ2Y,0,0,0,0,0,0
ID_Z2GQT1,0,0,0,0,0,0
ID_JA8PFR,0,0,0,0,0,0
ID_3P8BAV,0,0,0,0,0,0
ID_8EA20D,0,0,0,0,0,0
ID_8WMDVX,0,0,0,0,0,0
ID_T1Z8RQ,0,0,0,0,0,0
ID_GBQEJH,0,0,0,0,0,0
ID_JKJHW4,0,0,0,0,0,0
ID_1YOX6S,0,0,0,0,0,0
ID_6LIWOQ,0,0,0,0,0,0
ID_KDO48U,0,0,0,0,0,0
ID_TTXC00,0,0,0,0,0,0
ID_VYWCG8,0,0,0,0,0,0
ID_DSH1NG,0,0,0,0,0,0
ID_997UA7,0,0,0,0,0,0
ID_YTURG1,0,0,0,0,0,0
ID_ZB2I1O,0,0,0,0,0,0
ID_EJOVQB,0,0,0,0,0,0
ID_EJFN4I,0,0,0,0,0,0
ID_W3P7PA,0,0,0,0,0,0
ID_W0FGA7,0,0,0,0,0,0
ID_DM104O,0,0,0,0,0,0
ID_Q67RV0,0,0,0,0,0,0
ID_U8ORYZ,0,0,0,0,0,0
ID_J4WSQW,0,0,0,0,0,0
ID_M5LMSS,0,0,0,0,0,0
ID_9ODX0I,0,0,0,0,0,0
ID_L599AQ,0,0,0,0,0,0
ID_8X73GY,0,0,0,0,0,0
ID_6F8T1K,0,0,0,0,0,0
ID_RQN151,0,0,0,0,0,0
ID_RHNOGI,0,0,0,0,0,0
ID_RW7SGH,0,0,0,0,0,0
ID_JIWIAZ,0,0,0,0,0,0
ID_5VCJLN,0,0,0,0,0,0
ID_VNA2BZ,0,0,0,0,0,0
ID_VCXF23,0,0,0,0,0,0
ID_079HDW,0,0,0,0,0,0
ID_IUZNSU,0,0,0,0,0,0
ID_EVRUWY,0,0,0,0,0,0
ID_LLKXBV,0,0,0,0,0,0
ID_41VYYB,0,0,0,0,0,0
ID_PEHTBM,0,0,0,0,0,0
ID_HJ56LP,0,0,0,0,0,0
ID_9UK2Q5,0,0,0,0,0,0
ID_KUMCRB,0,0,0,0,0,0
ID_0WT3FQ,0,0,0,0,0,0
ID_AF8WV6,0,0,0,0,0,0
ID_WAP7BN,0,0,0,0,0,0
ID_GGJ7Q7,0,0,0,0,0,0
ID_NZ0M22,0,0,0,0,0,0
ID_DE99J6,0,0,0,0,0,0
ID_34UGRI,0,0,0,0,0,0
ID_2E6KD9,0,0,0,0,0,0
ID_HJ65S0,0,0,0,0,0,0
ID_8CD1II,0,0,0,0,0,0
ID_FXT599,0,0,0,0,0,0
ID_N6RITB,0,0,0,0,0,0
ID_K6F53H,0,0,0,0,0,0
ID_MFFH3F,0,0,0,0,0,0
ID_8V3XS8,0,0,0,0,0,0
ID_MS3T5Q,0,0,0,0,0,0
ID_Z4RJ2M,0,0,0,0,0,0
ID_QKF6GM,0,0,0,0,0,0
ID_3ITJ9P,0,0,0,0,0,0
ID_CAUK2R,0,0,0,0,0,0
ID_95S0IW,0,0,0,0,0,0
ID_XHO07D,0,0,0,0,0,0
ID_LLLREO,0,0,0,0,0,0
ID_UUFBQB,0,0,0,0,0,0
ID_1UNVMI,0,0,0,0,0,0
ID_LHT1CC,0,0,0,0,0,0
ID_PQHUHR,0,0,0,0,0,0
ID_0UEU1O,0,0,0,0,0,0
ID_8LZQJ4,0,0,0,0,0,0
ID_OZAPR1,0,0,0,0,0,0
ID_Q6FFFX,0,0,0,0,0,0
ID_65KZ47,0,0,0,0,0,0
ID_II3LHO,0,0,0,0,0,0
ID_OFLUTN,0,0,0,0,0,0
ID_017VVT,0,0,0,0,0,0
ID_YC760D,0,0,0,0,0,0
ID_P0TD0U,0,0,0,0,0,0
ID_SNDMBN,0,0,0,0,0,0
ID_3XNS7F,0,0,0,0,0,0
ID_P3WIIW,0,0,0,0,0,0
ID_L1GRZM,0,0,0,0,0,0
ID_KHDW5F,0,0,0,0,0,0
ID_TLMWYI,0,0,0,0,0,0
ID_CMJYQH,0,0,0,0,0,0
ID_S0WQEO,0,0,0,0,0,0
ID_HADLMB,0,0,0,0,0,0
ID_O7TJ2S,0,0,0,0,0,0
ID_VEI207,0,0,0,0,0,0
ID_SOFVZA,0,0,0,0,0,0
ID_VH1L0H,0,0,0,0,0,0
ID_J134JC,0,0,0,0,0,0
ID_1JCWR1,0,0,0,0,0,0
ID_NXCA21,0,0,0,0,0,0
ID_6SIYRO,0,0,0,0,0,0
ID_JWUD8C,0,0,0,0,0,0
ID_PBV1WI,0,0,0,0,0,0
ID_T5J6SV,0,0,0,0,0,0
ID_5C2CYQ,0,0,0,0,0,0
ID_X7I6JU,0,0,0,0,0,0
ID_FFCMCB,0,0,0,0,0,0
ID_MMT2CJ,0,0,0,0,0,0
ID_OH506B,0,0,0,0,0,0
ID_XACH6W,0,0,0,0,0,0
ID_NXDWF9,0,0,0,0,0,0
ID_GZ6752,0,0,0,0,0,0
ID_2A77EU,0,0,0,0,0,0
ID_7FIE6G,0,0,0,0,0,0
ID_0ELL2D,0,0,0,0,0,0
ID_JKM69V,0,0,0,0,0,0
ID_TVSK2E,0,0,0,0,0,0
ID_Q9YBIB,0,0,0,0,0,0
ID_KHWQOS,0,0,0,0,0,0
ID_VLPZMO,0,0,0,0,0,0
ID_D4P303,0,0,0,0,0,0
ID_1W6Q9B,0,0,0,0,0,0
ID_A8XYY4,0,0,0,0,0,0
ID_MASU1V,0,0,0,0,0,0
ID_7IWPGH,0,0,0,0,0,0
ID_JJJMWX,0,0,0,0,0,0
ID_N0L1E8,0,0,0,0,0,0
ID_GX9DB6,0,0,0,0,0,0
ID_JA9NS9,0,0,0,0,0,0
ID_E4CURS,0,0,0,0,0,0
ID_JU9XPD,0,0,0,0,0,0
ID_IEX2IK,0,0,0,0,0,0
ID_G8VB4I,0,0,0,0,0,0
ID_P8GALE,0,0,0,0,0,0
ID_SPXP5D,0,0,0,0,0,0
ID_6G2WTF,0,0,0,0,0,0
ID_EOLBT0,0,0,0,0,0,0
ID_486RNE,0,0,0,0,0,0
ID_5LOGA7,0,0,0,0,0,0
ID_HJAL85,0,0,0,0,0,0
ID_K676CA,0,0,0,0,0,0
ID_LNFJ7G,0,0,0,0,0,0
ID_8NGH4B,0,0,0,0,0,0
ID_W0UFX2,0,0,0,0,0,0
ID_1K4QGJ,0,0,0,0,0,0
ID_JDFIBZ,0,0,0,0,0,0
ID_7X3LKD,0,0,0,0,0,0
ID_7K35D4,0,0,0,0,0,0
ID_J6JJ02,0,0,0,0,0,0
ID_I1L301,0,0,0,0,0,0
ID_ODLSZX,0,0,0,0,0,0
ID_0H3P99,0,0,0,0,0,0
ID_9JXWYW,0,0,0,0,0,0
ID_JX9XHY,0,0,0,0,0,0
ID_RO5FXH,0,0,0,0,0,0
ID_WESVVJ,0,0,0,0,0,0
ID_XLB62F,0,0,0,0,0,0
ID_KPKLMO,0,0,0,0,0,0
ID_2OM5WL,0,0,0,0,0,0
ID_KUTWF2,0,0,0,0,0,0
ID_CT9LG9,0,0,0,0,0,0
ID_2TZ97G,0,0,0,0,0,0
ID_M8SRR3,0,0,0,0,0,0
ID_ANTIPR,0,0,0,0,0,0
ID_5FR7UO,0,0,0,0,0,0
ID_DG3HM0,0,0,0,0,0,0
ID_0Z3QDR,0,0,0,0,0,0
ID_9RUVEQ,0,0,0,0,0,0
ID_T1233N,0,0,0,0,0,0
ID_BJDX64,0,0,0,0,0,0
ID_NVA0AV,0,0,0,0,0,0
ID_X76HKN,0,0,0,0,0,0
ID_PN2BV2,0,0,0,0,0,0
ID_R91ATS,0,0,0,0,0,0
ID_IENX58,0,0,0,0,0,0
ID_889Z4C,0,0,0,0,0,0
ID_DPELBN,0,0,0,0,0,0
ID_BF5LDI,0,0,0,0,0,0
ID_OBGINN,0,0,0,0,0,0
ID_LUER0H,0,0,0,0,0,0
ID_JIAILN,0,0,0,0,0,0
ID_42BPKO,0,0,0,0,0,0
ID_6HXKHO,0,0,0,0,0,0
ID_JTBJD9,0,0,0,0,0,0
ID_0JKDNJ,0,0,0,0,0,0
ID_HJR0CY,0,0,0,0,0,0
ID_7P6UA7,0,0,0,0,0,0
ID_2GVGWS,0,0,0,0,0,0
ID_GCMND8,0,0,0,0,0,0
ID_QCOC46,0,0,0,0,0,0
ID_T8V44I,0,0,0,0,0,0
ID_ML1K2T,0,0,0,0,0,0
ID_UPFF90,0,0,0,0,0,0
ID_FPH4ZZ,0,0,0,0,0,0
ID_YMIC0C,0,0,0,0,0,0
ID_L7TXUH,0,0,0,0,0,0
ID_IJK4A3,0,0,0,0,0,0
ID_3ZSOKY,0,0,0,0,0,0
ID_3GDZTR,0,0,0,0,0,0
ID_YJ126Y,0,0,0,0,0,0
ID_K2IHMN,0,0,0,0,0,0
ID_RJ33IP,0,0,0,0,0,0
ID_34TRZ7,0,0,0,0,0,0
ID_9FKJ0A,0,0,0,0,0,0
ID_LBKXX6,0,0,0,0,0,0
ID_3Z1QF6,0,0,0,0,0,0
ID_CP4F7M,0,0,0,0,0,0
ID_RYMORF,0,0,0,0,0,0
ID_LGFTAI,0,0,0,0,0,0
ID_UN494T,0,0,0,0,0,0
ID_T3F8QX,0,0,0,0,0,0
ID_YHL9CG,0,0,0,0,0,0
ID_UY56A9,0,0,0,0,0,0
ID_MD00NO,0,0,0,0,0,0
ID_IZ0WK9,0,0,0,0,0,0
ID_1CWW7A,0,0,0,0,0,0
ID_WQDJMU,0,0,0,0,0,0
ID_2D122N,0,0,0,0,0,0
ID_OA1M30,0,0,0,0,0,0
ID_YX1MGH,0,0,0,0,0,0
ID_Q16Z9K,0,0,0,0,0,0
ID_OAKYYT,0,0,0,0,0,0
ID_8HC7SG,0,0,0,0,0,0
ID_AZ579Y,0,0,0,0,0,0
ID_T34XYO,0,0,0,0,0,0
ID_IHLWT2,0,0,0,0,0,0
ID_UETJ37,0,0,0,0,0,0
ID_TD1Y1P,0,0,0,0,0,0
ID_GES36T,0,0,0,0,0,0
ID_NAUPX2,0,0,0,0,0,0
ID_UBH3JO,0,0,0,0,0,0
ID_EEB8X8,0,0,0,0,0,0
ID_VVTU1F,0,0,0,0,0,0
ID_48Y49J,0,0,0,0,0,0
ID_GYFP9A,0,0,0,0,0,0
ID_DM6HCL,0,0,0,0,0,0
ID_IJ9DFF,0,0,0,0,0,0
ID_RASYFR,0,0,0,0,0,0
ID_3Z16CO,0,0,0,0,0,0
ID_U2FNJY,0,0,0,0,0,0
ID_LRYTUT,0,0,0,0,0,0
ID_05TZQJ,0,0,0,0,0,0
ID_DVTKX9,0,0,0,0,0,0
ID_YBSH9F,0,0,0,0,0,0
ID_5D85YI,0,0,0,0,0,0
ID_FVFZVZ,0,0,0,0,0,0
ID_NXMCKU,0,0,0,0,0,0
ID_AS2MHS,0,0,0,0,0,0
ID_RG4J1S,0,0,0,0,0,0
ID_ZBEJCX,0,0,0,0,0,0
ID_QRHVOJ,0,0,0,0,0,0
ID_HMA46N,0,0,0,0,0,0
ID_8OGPI5,0,0,0,0,0,0
ID_HMT0XH,0,0,0,0,0,0
ID_WZNG33,0,0,0,0,0,0
ID_LQU4FT,0,0,0,0,0,0
ID_OW1Q11,0,0,0,0,0,0
ID_UJF2HN,0,0,0,0,0,0
ID_XQLLIX,0,0,0,0,0,0
ID_GW9S0N,0,0,0,0,0,0
ID_IU24ZR,0,0,0,0,0,0
ID_4PCLWJ,0,0,0,0,0,0
ID_45H5NS,0,0,0,0,0,0
ID_E86MC0,0,0,0,0,0,0
ID_4U9P0A,0,0,0,0,0,0
ID_BZ0MID,0,0,0,0,0,0
ID_9U88BN,0,0,0,0,0,0
ID_4FWB3A,0,0,0,0,0,0
ID_G60K33,0,0,0,0,0,0
ID_DFKR37,0,0,0,0,0,0
ID_P1592X,0,0,0,0,0,0
ID_BKUFJL,0,0,0,0,0,0
ID_KAB4KF,0,0,0,0,0,0
ID_9CPRBK,0,0,0,0,0,0
ID_4921XC,0,0,0,0,0,0
ID_26EEPI,0,0,0,0,0,0
ID_4USN9N,0,0,0,0,0,0
ID_Y8LS95,0,0,0,0,0,0
ID_ZMQ00N,0,0,0,0,0,0
ID_2317R5,0,0,0,0,0,0
ID_LGH9H4,0,0,0,0,0,0
ID_X2YBZU,0,0,0,0,0,0
ID_QKR7LW,0,0,0,0,0,0
ID_7RQ8HU,0,0,0,0,0,0
ID_1Q4P6F,0,0,0,0,0,0
ID_S3RPVF,0,0,0,0,0,0
ID_617OZJ,0,0,0,0,0,0
ID_YDWIM4,0,0,0,0,0,0
ID_UHN31P,0,0,0,0,0,0
ID_XW02FF,0,0,0,0,0,0
ID_HUZ701,0,0,0,0,0,0
ID_SIQVYN,0,0,0,0,0,0
ID_03NZQ4,0,0,0,0,0,0
ID_4Z2MK9,0,0,0,0,0,0
ID_3BAM3A,0,0,0,0,0,0
ID_AGD4LL,0,0,0,0,0,0
ID_JTGAQK,0,0,0,0,0,0
ID_KN6JLZ,0,0,0,0,0,0
ID_N6ZY0Y,0,0,0,0,0,0
ID_QYWJK2,0,0,0,0,0,0
ID_XBGEUB,0,0,0,0,0,0
ID_OXRNVR,0,0,0,0,0,0
ID_TUIY2T,0,0,0,0,0,0
ID_GA6EU1,0,0,0,0,0,0
ID_HOOEZ4,0,0,0,0,0,0
ID_48ZIHT,0,0,0,0,0,0
ID_1YXKFV,0,0,0,0,0,0
ID_WBG304,0,0,0,0,0,0
ID_FKZAWO,0,0,0,0,0,0
ID_XCX98L,0,0,0,0,0,0
ID_0ETDOJ,0,0,0,0,0,0
ID_BOBOR6,0,0,0,0,0,0
ID_0LYXU3,0,0,0,0,0,0
ID_UP61GM,0,0,0,0,0,0
ID_7HMXGB,0,0,0,0,0,0
ID_P3L40J,0,0,0,0,0,0
ID_ZUG5BK,0,0,0,0,0,0
ID_DKKZAQ,0,0,0,0,0,0
ID_ISXVT0,0,0,0,0,0,0
ID_C4UYU0,0,0,0,0,0,0
ID_YFIDVX,0,0,0,0,0,0
ID_IFAPTL,0,0,0,0,0,0
ID_MPC5YO,0,0,0,0,0,0
ID_VYQR26,0,0,0,0,0,0
ID_BU85CU,0,0,0,0,0,0
ID_D2C7EY,0,0,0,0,0,0
ID_CWWW38,0,0,0,0,0,0
ID_O6RDZ3,0,0,0,0,0,0
ID_Z63HMM,0,0,0,0,0,0
ID_GVW50H,0,0,0,0,0,0
ID_L0DYT9,0,0,0,0,0,0
ID_TXTGKH,0,0,0,0,0,0
ID_2TVM53,0,0,0,0,0,0
ID_WKHA2P,0,0,0,0,0,0
ID_UZI3JA,0,0,0,0,0,0
ID_8LSJDV,0,0,0,0,0,0
ID_564H1O,0,0,0,0,0,0
ID_VLBCQ4,0,0,0,0,0,0
ID_JNGMMC,0,0,0,0,0,0
ID_MMVTHQ,0,0,0,0,0,0
ID_T2JD06,0,0,0,0,0,0
ID_ERESCX,0,0,0,0,0,0
ID_PGAHJQ,0,0,0,0,0,0
ID_UFT9S3,0,0,0,0,0,0
ID_LM8DB8,0,0,0,0,0,0
ID_3A15G4,0,0,0,0,0,0
ID_85A0UZ,0,0,0,0,0,0
ID_I0VENH,0,0,0,0,0,0
ID_MK7TCT,0,0,0,0,0,0
ID_WFCE4N,0,0,0,0,0,0
ID_8WXRND,0,0,0,0,0,0
ID_JDFQQ5,0,0,0,0,0,0
ID_51UKB4,0,0,0,0,0,0
ID_BWZ47Z,0,0,0,0,0,0
ID_3BLU3P,0,0,0,0,0,0
ID_476N3J,0,0,0,0,0,0
ID_7S33J7,0,0,0,0,0,0
ID_38BXVN,0,0,0,0,0,0
ID_WXFH0P,0,0,0,0,0,0
ID_MEWM0W,0,0,0,0,0,0
ID_JYJGGM,0,0,0,0,0,0
ID_ZL02F1,0,0,0,0,0,0
ID_63KKQP,0,0,0,0,0,0
ID_0ZOS8S,0,0,0,0,0,0
ID_Q33S0K,0,0,0,0,0,0
ID_VUZAES,0,0,0,0,0,0
ID_9LH54G,0,0,0,0,0,0
ID_0V6957,0,0,0,0,0,0
ID_LWEPMM,0,0,0,0,0,0
ID_IGDFO7,0,0,0,0,0,0
ID_LJMBJ3,0,0,0,0,0,0
ID_9MRO9D,0,0,0,0,0,0
ID_FR8M8Y,0,0,0,0,0,0
ID_KT9AT0,0,0,0,0,0,0
ID_H8JXG0,0,0,0,0,0,0
ID_97PNW6,0,0,0,0,0,0
ID_6C6PES,0,0,0,0,0,0
ID_OOPMM6,0,0,0,0,0,0
ID_2ZOTLH,0,0,0,0,0,0
ID_6EQV9Q,0,0,0,0,0,0
ID_4IVKWN,0,0,0,0,0,0
ID_HLPM1H,0,0,0,0,0,0
ID_R8ED40,0,0,0,0,0,0
ID_PO5D28,0,0,0,0,0,0
ID_NHD0QZ,0,0,0,0,0,0
ID_CG9V83,0,0,0,0,0,0
ID_Z8Q6YW,0,0,0,0,0,0
ID_G3PDRP,0,0,0,0,0,0
ID_RMOA3L,0,0,0,0,0,0
ID_E0P3AT,0,0,0,0,0,0
ID_XABWMH,0,0,0,0,0,0
ID_RN4EPV,0,0,0,0,0,0
ID_8GKG5B,0,0,0,0,0,0
ID_S2O6NK,0,0,0,0,0,0
ID_SW2L4V,0,0,0,0,0,0
ID_QES682,0,0,0,0,0,0
ID_IA5MOF,0,0,0,0,0,0
ID_3P0KGK,0,0,0,0,0,0
ID_RMDYI2,0,0,0,0,0,0
ID_9KP1S3,0,0,0,0,0,0
ID_ERRL9C,0,0,0,0,0,0
ID_07DWXN,0,0,0,0,0,0
ID_X52A85,0,0,0,0,0,0
ID_J7WTZZ,0,0,0,0,0,0
ID_5DGAP0,0,0,0,0,0,0
ID_RTMMOA,0,0,0,0,0,0
ID_91GA6O,0,0,0,0,0,0
ID_1U8WRC,0,0,0,0,0,0
ID_K7DRS7,0,0,0,0,0,0
ID_KQ7Z4B,0,0,0,0,0,0
ID_FY8HSM,0,0,0,0,0,0
ID_PS94G7,0,0,0,0,0,0
ID_NC4DGX,0,0,0,0,0,0
ID_GSUSMJ,0,0,0,0,0,0
ID_UPP7L8,0,0,0,0,0,0
ID_8NC90S,0,0,0,0,0,0
ID_PDJZW7,0,0,0,0,0,0
ID_TMASOV,0,0,0,0,0,0
ID_KNDFW5,0,0,0,0,0,0
ID_R7TQKQ,0,0,0,0,0,0
ID_XF6ROO,0,0,0,0,0,0
ID_D9WEHK,0,0,0,0,0,0
ID_NNTN29,0,0,0,0,0,0
ID_9UKQIE,0,0,0,0,0,0
ID_Z2F1HZ,0,0,0,0,0,0
ID_PGAL4M,0,0,0,0,0,0
ID_XUTBVF,0,0,0,0,0,0
ID_C7QJEH,0,0,0,0,0,0
ID_79XPMQ,0,0,0,0,0,0
ID_7DEFEY,0,0,0,0,0,0
ID_AN21K0,0,0,0,0,0,0
ID_IIKYF9,0,0,0,0,0,0
ID_7A9VNV,0,0,0,0,0,0
ID_GVU56L,0,0,0,0,0,0
ID_O4GZAG,0,0,0,0,0,0
ID_UPX34J,0,0,0,0,0,0
ID_TDOEOW,0,0,0,0,0,0
ID_OAO7OJ,0,0,0,0,0,0
ID_MLNWAH,0,0,0,0,0,0
ID_0D0AMN,0,0,0,0,0,0
ID_I1TV1U,0,0,0,0,0,0
ID_TFIM9U,0,0,0,0,0,0
ID_TTI69E,0,0,0,0,0,0
ID_PSIXO3,0,0,0,0,0,0
ID_8QYSI5,0,0,0,0,0,0
ID_CJVQDW,0,0,0,0,0,0
ID_UGU9AA,0,0,0,0,0,0
ID_TV0Z8Y,0,0,0,0,0,0
ID_5PUBMY,0,0,0,0,0,0
ID_QPTELU,0,0,0,0,0,0
ID_STIHLZ,0,0,0,0,0,0
ID_3IMGTK,0,0,0,0,0,0
ID_YFWROZ,0,0,0,0,0,0
ID_JFM3DE,0,0,0,0,0,0
ID_J1D73R,0,0,0,0,0,0
ID_0IW2GA,0,0,0,0,0,0
ID_OY1KUM,0,0,0,0,0,0
ID_V0DXUI,0,0,0,0,0,0
ID_GJ9RKU,0,0,0,0,0,0
ID_JVAYQB,0,0,0,0,0,0
ID_1Q832U,0,0,0,0,0,0
ID_AYERVJ,0,0,0,0,0,0
ID_9144VB,0,0,0,0,0,0
ID_GVOUG9,0,0,0,0,0,0
ID_XRC8GU,0,0,0,0,0,0
ID_6QGO8X,0,0,0,0,0,0
ID_ROLYCZ,0,0,0,0,0,0
ID_8M4YSH,0,0,0,0,0,0
ID_XKEQL6,0,0,0,0,0,0
ID_WV572A,0,0,0,0,0,0
ID_FHP50W,0,0,0,0,0,0
ID_P03AZW,0,0,0,0,0,0
ID_A08ENS,0,0,0,0,0,0
ID_5KNP42,0,0,0,0,0,0
ID_Q5G5MT,0,0,0,0,0,0
ID_1WI5WO,0,0,0,0,0,0
ID_B6W17M,0,0,0,0,0,0
ID_LHBDRP,0,0,0,0,0,0
ID_WITQ44,0,0,0,0,0,0
ID_26EAVK,0,0,0,0,0,0
ID_N5U5HV,0,0,0,0,0,0
ID_0ONLXM,0,0,0,0,0,0
ID_Y8TXQ6,0,0,0,0,0,0
ID_8ZX9X5,0,0,0,0,0,0
ID_MY5IIS,0,0,0,0,0,0
ID_WDUYKE,0,0,0,0,0,0
ID_CJ09NW,0,0,0,0,0,0
ID_7EQAGF,0,0,0,0,0,0
ID_0ERCYX,0,0,0,0,0,0
ID_4YBQ1R,0,0,0,0,0,0
ID_DVEE23,0,0,0,0,0,0
ID_KRH618,0,0,0,0,0,0
ID_B92K9O,0,0,0,0,0,0
ID_L6H7J3,0,0,0,0,0,0
ID_AC1XUH,0,0,0,0,0,0
ID_AACVQN,0,0,0,0,0,0
ID_WGVGAF,0,0,0,0,0,0
ID_DULMNJ,0,0,0,0,0,0
ID_Z2V39P,0,0,0,0,0,0
ID_X5GEO8,0,0,0,0,0,0
ID_1OY30Y,0,0,0,0,0,0
ID_0AM2UL,0,0,0,0,0,0
ID_IWNM3M,0,0,0,0,0,0
ID_4LUNUR,0,0,0,0,0,0
ID_MCDZDZ,0,0,0,0,0,0
ID_ZPJZSK,0,0,0,0,0,0
ID_ATPUAX,0,0,0,0,0,0
ID_BZI7J2,0,0,0,0,0,0
ID_GXLP2J,0,0,0,0,0,0
ID_4V18Q2,0,0,0,0,0,0
ID_64UV7O,0,0,0,0,0,0
ID_9MMXL8,0,0,0,0,0,0
ID_ZDMUVT,0,0,0,0,0,0
ID_33O69Y,0,0,0,0,0,0
ID_9EBB2K,0,0,0,0,0,0
ID_PKXOCN,0,0,0,0,0,0
ID_W7TGD7,0,0,0,0,0,0
ID_YKUCQG,0,0,0,0,0,0
ID_1IN9MP,0,0,0,0,0,0
ID_Q69F6Q,0,0,0,0,0,0
ID_YKFI1S,0,0,0,0,0,0
ID_IPWSP4,0,0,0,0,0,0
ID_PR40XJ,0,0,0,0,0,0
ID_YIGYKM,0,0,0,0,0,0
ID_6RJ5F1,0,0,0,0,0,0
ID_YHBGA8,0,0,0,0,0,0
ID_PDPB2Z,0,0,0,0,0,0
ID_QTEHS4,0,0,0,0,0,0
ID_XODUC0,0,0,0,0,0,0
ID_S4Z1BP,0,0,0,0,0,0
ID_YSFX50,0,0,0,0,0,0
ID_73J7DD,0,0,0,0,0,0
ID_HKV3SG,0,0,0,0,0,0
ID_WS6R0J,0,0,0,0,0,0
ID_FBQ649,0,0,0,0,0,0
ID_UX5M3C,0,0,0,0,0,0
ID_BOAPZA,0,0,0,0,0,0
ID_OCJXFP,0,0,0,0,0,0
ID_XN3OCA,0,0,0,0,0,0
ID_2S7ER4,0,0,0,0,0,0
ID_FSF1DP,0,0,0,0,0,0
ID_UJJNYO,0,0,0,0,0,0
ID_58N7VH,0,0,0,0,0,0
ID_H9K0BA,0,0,0,0,0,0
ID_YE7WA7,0,0,0,0,0,0
ID_I09IHZ,0,0,0,0,0,0
ID_RJO7GM,0,0,0,0,0,0
ID_HHP3RP,0,0,0,0,0,0
ID_R0HAJW,0,0,0,0,0,0
ID_TC0UCA,0,0,0,0,0,0
ID_7CJ8UV,0,0,0,0,0,0
ID_935CXF,0,0,0,0,0,0
ID_WW2SDR,0,0,0,0,0,0
ID_XR19VL,0,0,0,0,0,0
ID_ATBPN0,0,0,0,0,0,0
ID_Z1WVW8,0,0,0,0,0,0
ID_Z2NI9Y,0,0,0,0,0,0
ID_FJI3CU,0,0,0,0,0,0
ID_KXL4NP,0,0,0,0,0,0
ID_QA6QHI,0,0,0,0,0,0
ID_MAVHU1,0,0,0,0,0,0
ID_LYDXNA,0,0,0,0,0,0
ID_E8H9WJ,0,0,0,0,0,0
ID_LE3080,0,0,0,0,0,0
ID_9FBFBS,0,0,0,0,0,0
ID_TB10SZ,0,0,0,0,0,0
ID_WJ16BU,0,0,0,0,0,0
ID_8T6SI5,0,0,0,0,0,0
ID_P10KSK,0,0,0,0,0,0
ID_D4T4NS,0,0,0,0,0,0
ID_CNOVMH,0,0,0,0,0,0
ID_W6HBAC,0,0,0,0,0,0
ID_9QOWLT,0,0,0,0,0,0
ID_UNGEIS,0,0,0,0,0,0
ID_CDMSVP,0,0,0,0,0,0
ID_TIFQQQ,0,0,0,0,0,0
ID_VYPT3C,0,0,0,0,0,0
ID_5DWB8H,0,0,0,0,0,0
ID_VNHP53,0,0,0,0,0,0
ID_U1N419,0,0,0,0,0,0
ID_DIT8PB,0,0,0,0,0,0
ID_EY1TL7,0,0,0,0,0,0
ID_GHLAII,0,0,0,0,0,0
ID_OD4X72,0,0,0,0,0,0
ID_0JLW2O,0,0,0,0,0,0
ID_0EFJO3,0,0,0,0,0,0
ID_HVNFLW,0,0,0,0,0,0
ID_EGO8F2,0,0,0,0,0,0
ID_AQCJ01,0,0,0,0,0,0
ID_P4KFUK,0,0,0,0,0,0
ID_O2ATVI,0,0,0,0,0,0
ID_LH7005,0,0,0,0,0,0
ID_SHW939,0,0,0,0,0,0
ID_4FTLGP,0,0,0,0,0,0
ID_UYRSC2,0,0,0,0,0,0
ID_OJ5Z1C,0,0,0,0,0,0
ID_KDZEHJ,0,0,0,0,0,0
ID_B6WM5X,0,0,0,0,0,0
ID_VVSOT8,0,0,0,0,0,0
ID_CL1A0I,0,0,0,0,0,0
ID_6HE395,0,0,0,0,0,0
ID_X0RFKM,0,0,0,0,0,0
ID_VNNGKK,0,0,0,0,0,0
ID_WSS4GB,0,0,0,0,0,0
ID_491S5J,0,0,0,0,0,0
ID_HFMCE2,0,0,0,0,0,0
ID_U75RPJ,0,0,0,0,0,0
ID_KHGU78,0,0,0,0,0,0
ID_FYHCSM,0,0,0,0,0,0
ID_W3BVYF,0,0,0,0,0,0
ID_C0ON38,0,0,0,0,0,0
ID_BJAFUS,0,0,0,0,0,0
ID_Y6T7GC,0,0,0,0,0,0
ID_IB9RUV,0,0,0,0,0,0
ID_MZVNVE,0,0,0,0,0,0
ID_CR1W96,0,0,0,0,0,0
ID_0H74CQ,0,0,0,0,0,0
ID_B0AHCS,0,0,0,0,0,0
ID_SNMZFV,0,0,0,0,0,0
ID_CD24J2,0,0,0,0,0,0
ID_X4EPDH,0,0,0,0,0,0
ID_MJXKBA,0,0,0,0,0,0
ID_IT0ZRI,0,0,0,0,0,0
ID_D7WOHW,0,0,0,0,0,0
ID_4G191G,0,0,0,0,0,0
ID_SUNWKM,0,0,0,0,0,0
